tourney_id,tourney_name,surface,draw_size,tourney_level,tourney_date,match_num,winner_id,winner_seed,winner_entry,winner_name,winner_hand,winner_ht,winner_ioc,winner_age,loser_id,loser_seed,loser_entry,loser_name,loser_hand,loser_ht,loser_ioc,loser_age,score,best_of,round,minutes,w_ace,w_df,w_svpt,w_1stIn,w_1stWon,w_2ndWon,w_SvGms,w_bpSaved,w_bpFaced,l_ace,l_df,l_svpt,l_1stIn,l_1stWon,l_2ndWon,l_SvGms,l_bpSaved,l_bpFaced,winner_rank,winner_rank_points,loser_rank,loser_rank_points
1967-southern-pro,Southern Pro Championships,,,P,19670220,1,BO42,,,Earl Baumgardner,,,USA,,B152,,,Tom Buford,,,USA,,,3,QF,,,,,,,,,,,,,,,,,,,,,,,
1967-southern-pro,Southern Pro Championships,,,P,19670220,2,,,,Jim Nerren,,,USA,,,,,Jerry Evert,,,USA,,,3,QF,,,,,,,,,,,,,,,,,,,,,,,
1967-southern-pro,Southern Pro Championships,,,P,19670220,3,,,,Delmar Sylvia,,,USA,,,,,Ronnie Fenasci,,,USA,,,3,QF,,,,,,,,,,,,,,,,,,,,,,,
1967-southern-pro,Southern Pro Championships,,,P,19670220,4,,,,Jim Shaffer,,,USA,,ST00,,,Jim Shakespeare,,,USA,,,3,QF,,,,,,,,,,,,,,,,,,,,,,,
1967-southern-pro,Southern Pro Championships,,,P,19670220,5,BO42,,,Earl Baumgardner,,,USA,,,,,Jim Nerren,,,USA,,,3,SF,,,,,,,,,,,,,,,,,,,,,,,
1967-southern-pro,Southern Pro Championships,,,P,19670220,6,,,,Delmar Sylvia,,,USA,,,,,Jim Shaffer,,,USA,,,3,SF,,,,,,,,,,,,,,,,,,,,,,,
1967-southern-pro,Southern Pro Championships,,,P,19670220,7,BO42,,,Earl Baumgardner,,,USA,,,,,Delmar Sylvia,,,USA,,1-6 6-4 6-3,3,F,,,,,,,,,,,,,,,,,,,,,,,
1967-us-pro-indoor,US Pro Indoor,Carpet,8,P,19670227,1,L058,,,Rod Laver,,,AUS,28.553,S129,,,Fred Stolle,,,AUS,28.389,6-3 8-6,3,QF,,,,,,,,,,,,,,,,,,,,,,,
1967-us-pro-indoor,US Pro Indoor,Carpet,8,P,19670227,2,B228,,,Earl Buchholz,,,USA,26.448,R064,,,Dennis Ralston,,,USA,24.589,11-9 7-5,3,QF,,,,,,,,,,,,,,,,,,,,,,,
1967-us-pro-indoor,US Pro Indoor,Carpet,8,P,19670227,3,G075,,,Andres Gimeno,,,ESP,29.569,D133,,,Mike Davies,,,GBR,31.135,6-2 3-6 6-3,3,QF,,,,,,,,,,,,,,,,,,,,,,,
1967-us-pro-indoor,US Pro Indoor,Carpet,8,P,19670227,4,G077,,,Pancho Gonzales,,,USA,38.804,B122,,,Pierre Barthes,,,FRA,25.457,10-8 5-7 7-5,3,QF,,,,,,,,,,,,,,,,,,,,,,,
1967-us-pro-indoor,US Pro Indoor,Carpet,8,P,19670227,5,L058,,,Rod Laver,,,AUS,28.553,B228,,,Earl Buchholz,,,USA,26.448,9-7 6-8 6-3,3,SF,,,,,,,,,,,,,,,,,,,,,,,
1967-us-pro-indoor,US Pro Indoor,Carpet,8,P,19670227,6,G077,,,Pancho Gonzales,,,USA,38.804,G075,,,Andres Gimeno,,,ESP,29.569,8-6 6-3,3,SF,,,,,,,,,,,,,,,,,,,,,,,
1967-us-pro-indoor,US Pro Indoor,Carpet,8,P,19670227,7,L058,,,Rod Laver,,,AUS,28.553,G077,,,Pancho Gonzales,,,USA,38.804,7-5 14-16 7-5 6-2,5,F,,,,,,,,,,,,,,,,,,,,,,,
1967-san-juan-pro,San Juan Pro Championships,Hard,8,P,19670306,1,L058,,,Rod Laver,L,173,AUS,28.572,R064,,,Dennis Ralston,R,188,USA,24.608,6-2 6-2,3,QF,,,,,,,,,,,,,,,,,,,,,,,
1967-san-juan-pro,San Juan Pro Championships,Hard,8,P,19670306,2,B228,,,Earl Buchholz,R,188,USA,26.467,B122,,,Pierre Barthes,R,,FRA,25.476,6-4 6-2,3,QF,,,,,,,,,,,,,,,,,,,,,,,
1967-san-juan-pro,San Juan Pro Championships,Hard,8,P,19670306,3,A073,,,Luis Ayala,R,,CHI,34.461,D133,,,Mike Davies,R,,GBR,31.154,6-1 6-4,3,QF,,,,,,,,,,,,,,,,,,,,,,,
1967-san-juan-pro,San Juan Pro Championships,Hard,8,P,19670306,4,G075,,,Andres Gimeno,R,185,ESP,29.588,S129,,,Fred Stolle,R,191,AUS,28.408,5-7 6-4 6-2,3,QF,,,,,,,,,,,,,,,,,,,,,,,
1967-san-juan-pro,San Juan Pro Championships,Hard,8,P,19670306,5,L058,,,Rod Laver,L,173,AUS,28.572,B228,,,Earl Buchholz,R,188,USA,26.467,9-7 6-1,3,SF,,,,,,,,,,,,,,,,,,,,,,,
1967-san-juan-pro,San Juan Pro Championships,Hard,8,P,19670306,6,G075,,,Andres Gimeno,R,185,ESP,29.588,A073,,,Luis Ayala,R,,CHI,34.461,6-0 3-6 6-1,3,SF,,,,,,,,,,,,,,,,,,,,,,,
1967-san-juan-pro,San Juan Pro Championships,Hard,8,P,19670306,7,L058,,,Rod Laver,L,173,AUS,28.572,G075,,,Andres Gimeno,R,185,ESP,29.588,6-4 3-6 6-3,3,F,,,,,,,,,,,,,,,,,,,,,,,
1967-orlando-pro,Orlando Professional Championships,,8,P,19670313,1,L058,,,Rod Laver,L,173,AUS,28.591,D133,,,Mike Davies,R,,GBR,31.173,7-5 6-8 7-5,3,QF,,,,,,,,,,,,,,,,,,,,,,,
1967-orlando-pro,Orlando Professional Championships,,8,P,19670313,2,R064,,,Dennis Ralston,R,188,USA,24.627,B228,,,Earl Buchholz,R,188,USA,26.486,6-3 6-3,3,QF,,,,,,,,,,,,,,,,,,,,,,,
1967-orlando-pro,Orlando Professional Championships,,8,P,19670313,3,G077,,,Pancho Gonzales,R,188,USA,38.842,B122,,,Pierre Barthes,R,,FRA,25.495,8-6 9-7,3,QF,,,,,,,,,,,,,,,,,,,,,,,
1967-orlando-pro,Orlando Professional Championships,,8,P,19670313,4,G075,,,Andres Gimeno,R,185,ESP,29.607,S129,,,Fred Stolle,R,191,AUS,28.427,7-5 8-6,3,QF,,,,,,,,,,,,,,,,,,,,,,,
1967-orlando-pro,Orlando Professional Championships,,8,P,19670313,5,L058,,,Rod Laver,L,173,AUS,28.591,R064,,,Dennis Ralston,R,188,USA,24.627,7-5 4-6 8-6,3,SF,,,,,,,,,,,,,,,,,,,,,,,
1967-orlando-pro,Orlando Professional Championships,,8,P,19670313,6,G077,,,Pancho Gonzales,R,188,USA,38.842,G075,,,Andres Gimeno,R,185,ESP,29.607,7-5 4-6 8-6,3,SF,,,,,,,,,,,,,,,,,,,,,,,
1967-orlando-pro,Orlando Professional Championships,,8,P,19670313,7,L058,,,Rod Laver,L,173,AUS,28.591,G077,,,Pancho Gonzales,R,188,USA,38.842,6-4 2-6 6-0,3,F,,,,,,,,,,,,,,,,,,,,,,,
1967-miami-beach-pro,Planters Pro Challenge Cup,Hard,8,P,19670320,1,L058,,,Rod Laver,L,173,AUS,28.610,D133,,,Mike Davies,R,,GBR,31.192,5-7 6-4 6-2,3,QF,,,,,,,,,,,,,,,,,,,,,,,
1967-miami-beach-pro,Planters Pro Challenge Cup,Hard,8,P,19670320,2,S129,,,Fred Stolle,R,191,AUS,28.446,B228,,,Earl Buchholz,R,188,USA,26.505,6-3 6-4,3,QF,,,,,,,,,,,,,,,,,,,,,,,
1967-miami-beach-pro,Planters Pro Challenge Cup,Hard,8,P,19670320,3,R064,,,Dennis Ralston,R,188,USA,24.646,G077,,,Pancho Gonzales,R,188,USA,38.861,,3,QF,,,,,,,,,,,,,,,,,,,,,,,
1967-miami-beach-pro,Planters Pro Challenge Cup,Hard,8,P,19670320,4,G075,,,Andres Gimeno,R,185,ESP,29.626,B122,,,Pierre Barthes,R,,FRA,25.514,,3,QF,,,,,,,,,,,,,,,,,,,,,,,
1967-miami-beach-pro,Planters Pro Challenge Cup,Hard,8,P,19670320,5,L058,,,Rod Laver,L,173,AUS,28.610,S129,,,Fred Stolle,R,191,AUS,28.446,5-7 6-0 6-3,3,SF,,,,,,,,,,,,,,,,,,,,,,,
1967-miami-beach-pro,Planters Pro Challenge Cup,Hard,8,P,19670320,6,G075,,,Andres Gimeno,R,185,ESP,29.626,R064,,,Dennis Ralston,R,188,USA,24.646,3-6 6-3 6-4,3,SF,,,,,,,,,,,,,,,,,,,,,,,
1967-miami-beach-pro,Planters Pro Challenge Cup,Hard,8,P,19670320,7,L058,,,Rod Laver,L,173,AUS,28.610,G075,,,Andres Gimeno,R,185,ESP,29.626,6-3 6-3,3,F,,,,,,,,,,,,,,,,,,,,,,,
1967-boston-garden-pro,Boston Garden Pro Championships,Carpet,8,P,19670327,1,L058,,,Rod Laver,L,173,AUS,28.630,S129,,,Fred Stolle,R,191,AUS,28.466,10-8,1,QF,,,,,,,,,,,,,,,,,,,,,,,
1967-boston-garden-pro,Boston Garden Pro Championships,Carpet,8,P,19670327,2,R064,,,Dennis Ralston,R,188,USA,24.665,G075,,,Andres Gimeno,R,185,ESP,29.645,10-6,1,QF,,,,,,,,,,,,,,,,,,,,,,,
1967-boston-garden-pro,Boston Garden Pro Championships,Carpet,8,P,19670327,3,B228,,,Earl Buchholz,R,188,USA,26.524,G077,,,Pancho Gonzales,R,188,USA,38.880,10-3,1,QF,,,,,,,,,,,,,,,,,,,,,,,
1967-boston-garden-pro,Boston Garden Pro Championships,Carpet,8,P,19670327,4,R075,,,Ken Rosewall,R,170,AUS,32.397,B122,,,Pierre Barthes,R,,FRA,25.533,10-7,1,QF,,,,,,,,,,,,,,,,,,,,,,,
1967-boston-garden-pro,Boston Garden Pro Championships,Carpet,8,P,19670327,5,L058,,,Rod Laver,L,173,AUS,28.630,R064,,,Dennis Ralston,R,188,USA,24.665,10-4,1,SF,,,,,,,,,,,,,,,,,,,,,,,
1967-boston-garden-pro,Boston Garden Pro Championships,Carpet,8,P,19670327,6,R075,,,Ken Rosewall,R,170,AUS,32.397,B228,,,Earl Buchholz,R,188,USA,26.524,10-8,1,SF,,,,,,,,,,,,,,,,,,,,,,,
1967-boston-garden-pro,Boston Garden Pro Championships,Carpet,8,P,19670327,7,L058,,,Rod Laver,L,173,AUS,28.630,R075,,,Ken Rosewall,R,170,AUS,32.397,6-4 6-0,3,F,,,,,,,,,,,,,,,,,,,,,,,
1967-montreal-pro,Canadian Professional Championships,Carpet,8,P,19670330,1,L058,,,Rod Laver,L,173,AUS,28.638,B122,,,Pierre Barthes,R,,FRA,25.542,10-7,1,QF,,,,,,,,,,,,,,,,,,,,,,,
1967-montreal-pro,Canadian Professional Championships,Carpet,8,P,19670330,2,G077,,,Pancho Gonzales,R,188,USA,38.888,B228,,,Earl Buchholz,R,188,USA,26.532,10-8,1,QF,,,,,,,,,,,,,,,,,,,,,,,
1967-montreal-pro,Canadian Professional Championships,Carpet,8,P,19670330,3,R064,,,Dennis Ralston,R,188,USA,24.674,G075,,,Andres Gimeno,R,185,ESP,29.653,16-14,1,QF,,,,,,,,,,,,,,,,,,,,,,,
1967-montreal-pro,Canadian Professional Championships,Carpet,8,P,19670330,4,R075,,,Ken Rosewall,R,170,AUS,32.405,S129,,,Fred Stolle,R,191,AUS,28.474,10-6,1,QF,,,,,,,,,,,,,,,,,,,,,,,
1967-montreal-pro,Canadian Professional Championships,Carpet,8,P,19670330,5,L058,,,Rod Laver,L,173,AUS,28.638,G077,,,Pancho Gonzales,R,188,USA,38.888,10-7,1,SF,,,,,,,,,,,,,,,,,,,,,,,
1967-montreal-pro,Canadian Professional Championships,Carpet,8,P,19670330,6,R064,,,Dennis Ralston,R,188,USA,24.674,R075,,,Ken Rosewall,R,170,AUS,32.405,12-10,1,SF,,,,,,,,,,,,,,,,,,,,,,,
1967-montreal-pro,Canadian Professional Championships,Carpet,8,P,19670330,7,L058,,,Rod Laver,L,173,AUS,28.638,R064,,,Dennis Ralston,R,188,USA,24.674,17-15 6-0,3,F,,,,,,,,,,,,,,,,,,,,,,,
1967-bbc2-pro,BBC2 Pro Championships,Carpet,4,P,19670403,1,R075,,,Ken Rosewall,R,170,AUS,32.416,G077,,,Pancho Gonzales,R,188,USA,38.899,10-7,1,SF,,,,,,,,,,,,,,,,,,,,,,,
1967-bbc2-pro,BBC2 Pro Championships,Carpet,4,P,19670403,2,R064,,,Dennis Ralston,R,188,USA,24.684,L058,,,Rod Laver,L,173,AUS,28.649,10-7,3,SF,,,,,,,,,,,,,,,,,,,,,,,
1967-bbc2-pro,BBC2 Pro Championships,Carpet,4,P,19670403,3,R075,,,Ken Rosewall,R,170,AUS,32.416,R064,,,Dennis Ralston,R,188,USA,24.684,6-4 6-2,3,F,,,,,,,,,,,,,,,,,,,,,,,
1967-paris-indoor-pro,Paris Pro Championships,Carpet,6,P,19670406,1,R064,,,Dennis Ralston,R,188,USA,24.681,G077,,,Pancho Gonzales,R,188,USA,38.907,6-1 27-29 6-2,3,QF,,,,,,,,,,,,,,,,,,,,,,,
1967-paris-indoor-pro,Paris Pro Championships,Carpet,6,P,19670406,2,S129,,,Fred Stolle,R,191,AUS,28.493,B122,,,Pierre Barthes,R,,FRA,25.561,3-6 6-4 9-7,3,QF,,,,,,,,,,,,,,,,,,,,,,,
1967-paris-indoor-pro,Paris Pro Championships,Carpet,6,P,19670406,3,R075,,,Ken Rosewall,R,170,AUS,32.424,R064,,,Dennis Ralston,R,188,USA,24.681,6-2 6-4,3,SF,,,,,,,,,,,,,,,,,,,,,,,
1967-paris-indoor-pro,Paris Pro Championships,Carpet,6,P,19670406,4,L058,,,Rod Laver,L,173,AUS,28.657,S129,,,Fred Stolle,R,191,AUS,28.493,6-3 6-3,3,SF,,,,,,,,,,,,,,,,,,,,,,,
1967-paris-indoor-pro,Paris Pro Championships,Carpet,6,P,19670406,5,L058,,,Rod Laver,L,173,AUS,28.657,R075,,,Ken Rosewall,R,170,AUS,32.424,6-0 10-8 10-8,5,F,,,,,,,,,,,,,,,,,,,,,,,
1967-lyon-pro,Lyon Pro Championships,Carpet,4,P,19670407,1,S129,,,Fred Stolle,R,191,AUS,28.496,B122,,,Pierre Barthes,R,,FRA,25.564,6-2 3-6 9-7,3,SF,,,,,,,,,,,,,,,,,,,,,,,
1967-lyon-pro,Lyon Pro Championships,Carpet,4,P,19670407,2,L058,,,Rod Laver,L,173,AUS,28.660,R064,,,Dennis Ralston,R,188,USA,24.684,7-5 6-2,3,SF,,,,,,,,,,,,,,,,,,,,,,,
1967-lyon-pro,Lyon Pro Championships,Carpet,4,P,19670407,3,S129,,,Fred Stolle,R,191,AUS,28.496,L058,,,Rod Laver,L,173,AUS,28.660,6-1 3-6 6-4,3,F,,,,,,,,,,,,,,,,,,,,,,,
1967-brussels-pro,Brussels Pro Championships,Carpet,4,P,19670407,1,S129,,,Fred Stolle,R,191,AUS,28.496,B122,,,Pierre Barthes,R,,FRA,25.564,,3,SF,,,,,,,,,,,,,,,,,,,,,,,
1967-brussels-pro,Brussels Pro Championships,Carpet,4,P,19670407,2,R064,,,Dennis Ralston,R,188,USA,24.684,L058,,,Rod Laver,L,173,AUS,28.660,,3,SF,,,,,,,,,,,,,,,,,,,,,,,
1967-brussels-pro,Brussels Pro Championships,Carpet,4,P,19670407,3,S129,,,Fred Stolle,R,191,AUS,28.496,R064,,,Dennis Ralston,R,188,USA,24.684,6-3 6-4,3,F,,,,,,,,,,,,,,,,,,,,,,,
1967-marseille-pro,Marseille Pro Championships,Clay,4,P,19670414,1,R064,,,Dennis Ralston,R,188,USA,24.715,B122,,,Pierre Barthes,R,,FRA,25.582,6-4 6-3,3,SF,,,,,,,,,,,,,,,,,,,,,,,
1967-marseille-pro,Marseille Pro Championships,Clay,4,P,19670414,2,L058,,,Rod Laver,L,173,AUS,28.679,S129,,,Fred Stolle,R,191,AUS,28.515,6-4 6-3,3,SF,,,,,,,,,,,,,,,,,,,,,,,
1967-marseille-pro,Marseille Pro Championships,Clay,4,P,19670414,3,L058,,,Rod Laver,L,173,AUS,28.679,R064,,,Dennis Ralston,R,188,USA,24.715,6-4 6-3,3,F,,,,,,,,,,,,,,,,,,,,,,,
1967-birmingham-pro-classic,Birmingham Pro Classic,Hard,16,P,19670428,1,G077,,,Pancho Gonzales,R,188,USA,38.968,,,,Gerald Joseph Evert,,,USA,,6-2 6-1,3,R16,,,,,,,,,,,,,,,,,,,,,,,
1967-birmingham-pro-classic,Birmingham Pro Classic,Hard,16,P,19670428,2,,,,Delmar Sylvia,,,USA,,HC67,,,Wade Herren,,,USA,,9-7 8-6,3,R16,,,,,,,,,,,,,,,,,,,,,,,
1967-birmingham-pro-classic,Birmingham Pro Classic,Hard,16,P,19670428,3,G178,,,Sammy Giammalva Sr.,R,,USA,32.739,W436,,,Gerardo Wortelboer,,,NED,,6-1 7-5,3,R16,,,,,,,,,,,,,,,,,,,,,,,
1967-birmingham-pro-classic,Birmingham Pro Classic,Hard,16,P,19670428,4,H148,,,Crawford Henry,,,USA,,,,,Les Longshore,,,USA,,6-1 6-2,3,R16,,,,,,,,,,,,,,,,,,,,,,,
1967-birmingham-pro-classic,Birmingham Pro Classic,Hard,16,P,19670428,5,B228,,,Earl Buchholz,R,188,USA,26.612,,,,Jim Nerren,,,USA,,6-2 6-1,3,R16,,,,,,,,,,,,,,,,,,,,,,,
1967-birmingham-pro-classic,Birmingham Pro Classic,Hard,16,P,19670428,6,M270,,,Alan Mills,R,,GBR,31.474,,,,John Foster,,,USA,,6-3 6-3,3,R16,,,,,,,,,,,,,,,,,,,,,,,
1967-birmingham-pro-classic,Birmingham Pro Classic,Hard,16,P,19670428,7,D133,,,Mike Davies,R,,GBR,31.299,MD82,,,Jason Morton,,,USA,,6-4 6-2,3,R16,,,,,,,,,,,,,,,,,,,,,,,
1967-birmingham-pro-classic,Birmingham Pro Classic,Hard,16,P,19670428,8,BO42,,,Earl Baumgardner,,,USA,,SS74,,,James Shaffer,,,USA,,7-5 3-6 6-4,3,R16,,,,,,,,,,,,,,,,,,,,,,,
1967-birmingham-pro-classic,Birmingham Pro Classic,Hard,16,P,19670428,9,G077,,,Pancho Gonzales,R,188,USA,38.968,,,,Delmar Sylvia,,,USA,,6-4 6-3,3,QF,,,,,,,,,,,,,,,,,,,,,,,
1967-birmingham-pro-classic,Birmingham Pro Classic,Hard,16,P,19670428,10,G178,,,Sammy Giammalva Sr.,R,,USA,32.739,H148,,,Crawford Henry,,,USA,,6-0 6-3,3,QF,,,,,,,,,,,,,,,,,,,,,,,
1967-birmingham-pro-classic,Birmingham Pro Classic,Hard,16,P,19670428,11,M270,,,Alan Mills,R,,GBR,31.474,B228,,,Earl Buchholz,R,188,USA,26.612,6-3 5-7 6-4,3,QF,,,,,,,,,,,,,,,,,,,,,,,
1967-birmingham-pro-classic,Birmingham Pro Classic,Hard,16,P,19670428,12,D133,,,Mike Davies,R,,GBR,31.299,BO42,,,Earl Baumgardner,,,USA,,6-1 7-5,3,QF,,,,,,,,,,,,,,,,,,,,,,,
1967-birmingham-pro-classic,Birmingham Pro Classic,Hard,16,P,19670428,13,G077,,,Pancho Gonzales,R,188,USA,38.968,G178,,,Sammy Giammalva Sr.,R,,USA,32.739,6-0 6-1,3,SF,,,,,,,,,,,,,,,,,,,,,,,
1967-birmingham-pro-classic,Birmingham Pro Classic,Hard,16,P,19670428,14,M270,,,Alan Mills,R,,GBR,31.474,D133,,,Mike Davies,R,,GBR,31.299,5-7 8-6 6-3,3,SF,,,,,,,,,,,,,,,,,,,,,,,
1967-birmingham-pro-classic,Birmingham Pro Classic,Hard,16,P,19670428,15,G077,,,Pancho Gonzales,R,188,USA,38.968,M270,,,Alan Mills,R,,GBR,31.474,6-4 6-2,3,F,,,,,,,,,,,,,,,,,,,,,,,
1967-pacific-pro,Pacific Pro Championships,Carpet,10,P,19670511,1,S246,,,Pancho Segura,R,,ECU,45.889,A073,,,Luis Ayala,R,,CHI,34.642,6-3 7-5,3,R16,,,,,,,,,,,,,,,,,,,,,,,
1967-pacific-pro,Pacific Pro Championships,Carpet,10,P,19670511,2,D133,,,Mike Davies,R,,GBR,31.335,M294,,,Barry MacKay,R,191,USA,31.693,6-2 8-6,3,R16,,,,,,,,,,,,,,,,,,,,,,,
1967-pacific-pro,Pacific Pro Championships,Carpet,10,P,19670511,3,L058,,,Rod Laver,L,173,AUS,28.753,B122,,,Pierre Barthes,R,,FRA,25.656,6-4 6-3,3,QF,,,,,,,,,,,,,,,,,,,,,,,
1967-pacific-pro,Pacific Pro Championships,Carpet,10,P,19670511,4,B228,,,Earl Buchholz,R,188,USA,26.648,S246,,,Pancho Segura,R,,ECU,45.889,10-8 6-0,3,QF,,,,,,,,,,,,,,,,,,,,,,,
1967-pacific-pro,Pacific Pro Championships,Carpet,10,P,19670511,5,R064,,,Dennis Ralston,R,188,USA,24.789,O042,,,Alex Olmedo,R,,USA,31.129,6-1 6-0,3,QF,,,,,,,,,,,,,,,,,,,,,,,
1967-pacific-pro,Pacific Pro Championships,Carpet,10,P,19670511,6,D133,,,Mike Davies,R,,GBR,31.335,S129,,,Fred Stolle,R,191,AUS,28.589,6-4 6-4,3,QF,,,,,,,,,,,,,,,,,,,,,,,
1967-pacific-pro,Pacific Pro Championships,Carpet,10,P,19670511,7,L058,,,Rod Laver,L,173,AUS,28.753,B228,,,Earl Buchholz,R,188,USA,26.648,6-3 6-1,3,SF,,,,,,,,,,,,,,,,,,,,,,,
1967-pacific-pro,Pacific Pro Championships,Carpet,10,P,19670511,8,R064,,,Dennis Ralston,R,188,USA,24.789,D133,,,Mike Davies,R,,GBR,31.335,6-2 7-5,3,SF,,,,,,,,,,,,,,,,,,,,,,,
1967-pacific-pro,Pacific Pro Championships,Carpet,10,P,19670511,9,L058,,,Rod Laver,L,173,AUS,28.753,R064,,,Dennis Ralston,R,188,USA,24.789,6-4 12-10,3,F,,,,,,,,,,,,,,,,,,,,,,,
1967-los-angeles-pro,Los Angeles Pro Championships,Hard,14,P,19670526,1,B228,,,Earl Buchholz,R,188,USA,26.689,R075,,,Ken Rosewall,R,170,AUS,32.561,8-6,1,RR,,,,,,,,,,,,,,,,,,,,,,,
1967-los-angeles-pro,Los Angeles Pro Championships,Hard,14,P,19670526,2,L058,,,Rod Laver,L,173,AUS,28.794,A060,,,Mal Anderson,R,,AUS,32.230,8-4,1,RR,,,,,,,,,,,,,,,,,,,,,,,
1967-los-angeles-pro,Los Angeles Pro Championships,Hard,14,P,19670526,3,G075,,,Andres Gimeno,R,185,ESP,29.810,O042,,,Alex Olmedo,R,,USA,31.170,8-6,1,RR,,,,,,,,,,,,,,,,,,,,,,,
1967-los-angeles-pro,Los Angeles Pro Championships,Hard,14,P,19670526,4,M294,,,Barry MacKay,R,191,USA,31.734,D133,,,Mike Davies,R,,GBR,31.376,15-13,1,RR,,,,,,,,,,,,,,,,,,,,,,,
1967-los-angeles-pro,Los Angeles Pro Championships,Hard,14,P,19670526,5,S246,,,Pancho Segura,R,,ECU,45.930,SS51,,,Hugh Stewart,R,,USA,39.003,8-2,1,RR,,,,,,,,,,,,,,,,,,,,,,,
1967-los-angeles-pro,Los Angeles Pro Championships,Hard,14,P,19670526,6,A073,,,Luis Ayala,R,,CHI,34.683,O042,,,Alex Olmedo,R,,USA,31.170,9-7,1,RR,,,,,,,,,,,,,,,,,,,,,,,
1967-los-angeles-pro,Los Angeles Pro Championships,Hard,14,P,19670526,7,S129,,,Fred Stolle,R,191,AUS,28.630,B122,,,Pierre Barthes,R,,FRA,25.615,8-6,1,RR,,,,,,,,,,,,,,,,,,,,,,,
1967-los-angeles-pro,Los Angeles Pro Championships,Hard,14,P,19670526,8,B122,,,Pierre Barthes,R,,FRA,25.615,G075,,,Andres Gimeno,R,185,ESP,29.810,8-6,1,RR,,,,,,,,,,,,,,,,,,,,,,,
1967-los-angeles-pro,Los Angeles Pro Championships,Hard,14,P,19670526,9,L058,,,Rod Laver,L,173,AUS,28.794,S246,,,Pancho Segura,R,,ECU,45.930,8-3,1,RR,,,,,,,,,,,,,,,,,,,,,,,
1967-los-angeles-pro,Los Angeles Pro Championships,Hard,14,P,19670526,10,R075,,,Ken Rosewall,R,170,AUS,32.561,O042,,,Alex Olmedo,R,,USA,31.170,8-3,1,RR,,,,,,,,,,,,,,,,,,,,,,,
1967-los-angeles-pro,Los Angeles Pro Championships,Hard,14,P,19670526,11,R064,,,Dennis Ralston,R,188,USA,24.830,SS51,,,Hugh Stewart,R,,USA,39.003,8-2,1,RR,,,,,,,,,,,,,,,,,,,,,,,
1967-los-angeles-pro,Los Angeles Pro Championships,Hard,14,P,19670526,12,D133,,,Mike Davies,R,,GBR,31.376,SS51,,,Hugh Stewart,R,,USA,39.003,8-2,1,RR,,,,,,,,,,,,,,,,,,,,,,,
1967-los-angeles-pro,Los Angeles Pro Championships,Hard,14,P,19670526,13,B228,,,Earl Buchholz,R,188,USA,26.689,A073,,,Luis Ayala,R,,CHI,34.683,8-5,1,RR,,,,,,,,,,,,,,,,,,,,,,,
1967-los-angeles-pro,Los Angeles Pro Championships,Hard,14,P,19670526,14,M294,,,Barry MacKay,R,191,USA,31.734,A060,,,Mal Anderson,R,,AUS,32.230,8-5,1,RR,,,,,,,,,,,,,,,,,,,,,,,
1967-los-angeles-pro,Los Angeles Pro Championships,Hard,14,P,19670526,15,A060,,,Mal Anderson,R,,AUS,32.230,R064,,,Dennis Ralston,R,188,USA,24.830,8-6,1,RR,,,,,,,,,,,,,,,,,,,,,,,
1967-los-angeles-pro,Los Angeles Pro Championships,Hard,14,P,19670526,16,G075,,,Andres Gimeno,R,185,ESP,29.810,S129,,,Fred Stolle,R,191,AUS,28.630,8-4,1,RR,,,,,,,,,,,,,,,,,,,,,,,
1967-los-angeles-pro,Los Angeles Pro Championships,Hard,14,P,19670526,17,B122,,,Pierre Barthes,R,,FRA,25.615,B228,,,Earl Buchholz,R,188,USA,26.689,8-5,1,RR,,,,,,,,,,,,,,,,,,,,,,,
1967-los-angeles-pro,Los Angeles Pro Championships,Hard,14,P,19670526,18,L058,,,Rod Laver,L,173,AUS,28.794,D133,,,Mike Davies,R,,GBR,31.376,8-6,1,RR,,,,,,,,,,,,,,,,,,,,,,,
1967-los-angeles-pro,Los Angeles Pro Championships,Hard,14,P,19670526,19,L058,,,Rod Laver,L,173,AUS,28.794,SS51,,,Hugh Stewart,R,,USA,39.003,8-3,1,RR,,,,,,,,,,,,,,,,,,,,,,,
1967-los-angeles-pro,Los Angeles Pro Championships,Hard,14,P,19670526,20,M294,,,Barry MacKay,R,191,USA,31.734,S246,,,Pancho Segura,R,,ECU,45.930,8-5,1,RR,,,,,,,,,,,,,,,,,,,,,,,
1967-los-angeles-pro,Los Angeles Pro Championships,Hard,14,P,19670526,21,R075,,,Ken Rosewall,R,170,AUS,32.561,G075,,,Andres Gimeno,R,185,ESP,29.810,8-1,1,RR,,,,,,,,,,,,,,,,,,,,,,,
1967-los-angeles-pro,Los Angeles Pro Championships,Hard,14,P,19670526,22,R064,,,Dennis Ralston,R,188,USA,24.830,L058,,,Rod Laver,L,173,AUS,28.794,8-6,1,RR,,,,,,,,,,,,,,,,,,,,,,,
1967-los-angeles-pro,Los Angeles Pro Championships,Hard,14,P,19670526,23,B122,,,Pierre Barthes,R,,FRA,25.615,R075,,,Ken Rosewall,R,170,AUS,32.561,8-5,1,RR,,,,,,,,,,,,,,,,,,,,,,,
1967-los-angeles-pro,Los Angeles Pro Championships,Hard,14,P,19670526,24,S129,,,Fred Stolle,R,191,AUS,28.630,A073,,,Luis Ayala,R,,CHI,34.683,8-3,1,RR,,,,,,,,,,,,,,,,,,,,,,,
1967-los-angeles-pro,Los Angeles Pro Championships,Hard,14,P,19670526,25,A060,,,Mal Anderson,R,,AUS,32.230,SS51,,,Hugh Stewart,R,,USA,39.003,8-4,1,RR,,,,,,,,,,,,,,,,,,,,,,,
1967-los-angeles-pro,Los Angeles Pro Championships,Hard,14,P,19670526,26,R064,,,Dennis Ralston,R,188,USA,24.830,M294,,,Barry MacKay,R,191,USA,31.734,8-4,1,RR,,,,,,,,,,,,,,,,,,,,,,,
1967-los-angeles-pro,Los Angeles Pro Championships,Hard,14,P,19670526,27,L058,,,Rod Laver,L,173,AUS,28.794,M294,,,Barry MacKay,R,191,USA,31.734,8-4,1,RR,,,,,,,,,,,,,,,,,,,,,,,
1967-los-angeles-pro,Los Angeles Pro Championships,Hard,14,P,19670526,28,R075,,,Ken Rosewall,R,170,AUS,32.561,A073,,,Luis Ayala,R,,CHI,34.683,W/O,1,RR,,,,,,,,,,,,,,,,,,,,,,,
1967-los-angeles-pro,Los Angeles Pro Championships,Hard,14,P,19670526,29,B228,,,Earl Buchholz,R,188,USA,26.689,G075,,,Andres Gimeno,R,185,ESP,29.810,8-3,1,RR,,,,,,,,,,,,,,,,,,,,,,,
1967-los-angeles-pro,Los Angeles Pro Championships,Hard,14,P,19670526,30,S246,,,Pancho Segura,R,,ECU,45.930,D133,,,Mike Davies,R,,GBR,31.376,8-6,1,RR,,,,,,,,,,,,,,,,,,,,,,,
1967-los-angeles-pro,Los Angeles Pro Championships,Hard,14,P,19670526,31,S246,,,Pancho Segura,R,,ECU,45.930,A060,,,Mal Anderson,R,,AUS,32.230,8-4,1,RR,,,,,,,,,,,,,,,,,,,,,,,
1967-los-angeles-pro,Los Angeles Pro Championships,Hard,14,P,19670526,32,O042,,,Alex Olmedo,R,,USA,31.170,B122,,,Pierre Barthes,R,,FRA,25.615,8-3,1,RR,,,,,,,,,,,,,,,,,,,,,,,
1967-los-angeles-pro,Los Angeles Pro Championships,Hard,14,P,19670526,33,S129,,,Fred Stolle,R,191,AUS,28.630,O042,,,Alex Olmedo,R,,USA,31.170,8-5,1,RR,,,,,,,,,,,,,,,,,,,,,,,
1967-los-angeles-pro,Los Angeles Pro Championships,Hard,14,P,19670526,34,R075,,,Ken Rosewall,R,170,AUS,32.561,S129,,,Fred Stolle,R,191,AUS,28.630,8-6,1,RR,,,,,,,,,,,,,,,,,,,,,,,
1967-los-angeles-pro,Los Angeles Pro Championships,Hard,14,P,19670526,35,B228,,,Earl Buchholz,R,188,USA,26.689,S129,,,Fred Stolle,R,191,AUS,28.630,8-5,1,RR,,,,,,,,,,,,,,,,,,,,,,,
1967-los-angeles-pro,Los Angeles Pro Championships,Hard,14,P,19670526,36,R064,,,Dennis Ralston,R,188,USA,24.830,S246,,,Pancho Segura,R,,ECU,45.930,8-3,1,RR,,,,,,,,,,,,,,,,,,,,,,,
1967-los-angeles-pro,Los Angeles Pro Championships,Hard,14,P,19670526,37,R064,,,Dennis Ralston,R,188,USA,24.830,D133,,,Mike Davies,R,,GBR,31.376,8-4,1,RR,,,,,,,,,,,,,,,,,,,,,,,
1967-los-angeles-pro,Los Angeles Pro Championships,Hard,14,P,19670526,38,R075,,,Ken Rosewall,R,170,AUS,32.561,R064,,,Dennis Ralston,R,188,USA,24.830,6-0 6-3,3,SF,,,,,,,,,,,,,,,,,,,,,,,
1967-los-angeles-pro,Los Angeles Pro Championships,Hard,14,P,19670526,39,L058,,,Rod Laver,L,173,AUS,28.794,B228,,,Earl Buchholz,R,188,USA,26.689,6-1 6-4,3,SF,,,,,,,,,,,,,,,,,,,,,,,
1967-los-angeles-pro,Los Angeles Pro Championships,Hard,14,P,19670526,40,R075,,,Ken Rosewall,R,170,AUS,32.561,L058,,,Rod Laver,L,173,AUS,28.794,6-2 2-6 7-5,3,F,,,,,,,,,,,,,,,,,,,,,,,
1967-pacific-coast-pro,Pacific Coast Pro Championships,Hard,13,P,19670529,1,B122,,,Pierre Barthes,R,,FRA,25.623,A060,,,Mal Anderson,R,,AUS,32.238,6-3 6-4,3,R16,,,,,,,,,,,,,,,,,,,,,,,
1967-pacific-coast-pro,Pacific Coast Pro Championships,Hard,13,P,19670529,2,O042,,,Alex Olmedo,R,,USA,31.179,A073,,,Luis Ayala,R,,CHI,34.691,6-2 6-3,3,R16,,,,,,,,,,,,,,,,,,,,,,,
1967-pacific-coast-pro,Pacific Coast Pro Championships,Hard,13,P,19670529,3,S246,,,Pancho Segura,R,,ECU,45.938,R064,,,Dennis Ralston,R,188,USA,24.838,0-6 6-4 6-1,3,R16,,,,,,,,,,,,,,,,,,,,,,,
1967-pacific-coast-pro,Pacific Coast Pro Championships,Hard,13,P,19670529,4,B228,,,Earl Buchholz,R,188,USA,26.697,SS51,,,Hugh Stewart,R,,USA,39.011,6-1 7-5,3,R16,,,,,,,,,,,,,,,,,,,,,,,
1967-pacific-coast-pro,Pacific Coast Pro Championships,Hard,13,P,19670529,5,L058,,,Rod Laver,L,173,AUS,28.802,D133,,,Mike Davies,R,,GBR,31.384,6-0 6-1,3,QF,,,,,,,,,,,,,,,,,,,,,,,
1967-pacific-coast-pro,Pacific Coast Pro Championships,Hard,13,P,19670529,6,G075,,,Andres Gimeno,R,185,ESP,29.818,B122,,,Pierre Barthes,R,,FRA,25.623,6-4 6-3,3,QF,,,,,,,,,,,,,,,,,,,,,,,
1967-pacific-coast-pro,Pacific Coast Pro Championships,Hard,13,P,19670529,7,O042,,,Alex Olmedo,R,,USA,31.179,S246,,,Pancho Segura,R,,ECU,45.938,4-6 6-1 6-4,3,QF,,,,,,,,,,,,,,,,,,,,,,,
1967-pacific-coast-pro,Pacific Coast Pro Championships,Hard,13,P,19670529,8,R075,,,Ken Rosewall,R,170,AUS,32.569,B228,,,Earl Buchholz,R,188,USA,26.697,6-2 6-4,3,QF,,,,,,,,,,,,,,,,,,,,,,,
1967-pacific-coast-pro,Pacific Coast Pro Championships,Hard,13,P,19670529,9,L058,,,Rod Laver,L,173,AUS,28.802,G075,,,Andres Gimeno,R,185,ESP,29.818,6-8 6-1 6-4,3,SF,,,,,,,,,,,,,,,,,,,,,,,
1967-pacific-coast-pro,Pacific Coast Pro Championships,Hard,13,P,19670529,10,R075,,,Ken Rosewall,R,170,AUS,32.569,O042,,,Alex Olmedo,R,,USA,31.179,W/O,3,SF,,,,,,,,,,,,,,,,,,,,,,,
1967-pacific-coast-pro,Pacific Coast Pro Championships,Hard,13,P,19670529,11,R075,,,Ken Rosewall,R,170,AUS,32.569,L058,,,Rod Laver,L,173,AUS,28.802,4-6 6-3 8-6,3,F,,,,,,,,,,,,,,,,,,,,,,,
1967-madison-square-garden-pro,Madison Square Garden Pro Championships,Carpet,13,P,19670605,1,A060,,,Mal Anderson,R,,AUS,32.257,O042,,,Alex Olmedo,R,,USA,31.198,6-0 10-8,3,R16,,,,,,,,,,,,,,,,,,,,,,,
1967-madison-square-garden-pro,Madison Square Garden Pro Championships,Carpet,13,P,19670605,2,R064,,,Dennis Ralston,R,188,USA,24.857,A073,,,Luis Ayala,R,,CHI,34.710,6-1 12-10,3,R16,,,,,,,,,,,,,,,,,,,,,,,
1967-madison-square-garden-pro,Madison Square Garden Pro Championships,Carpet,13,P,19670605,3,B122,,,Pierre Barthes,R,,FRA,25.642,S246,,,Pancho Segura,R,,ECU,45.957,8-6 6-4,3,R16,,,,,,,,,,,,,,,,,,,,,,,
1967-madison-square-garden-pro,Madison Square Garden Pro Championships,Carpet,13,P,19670605,4,G075,,,Andres Gimeno,R,185,ESP,29.837,B228,,,Earl Buchholz,R,188,USA,26.716,7-5 6-4,3,R16,,,,,,,,,,,,,,,,,,,,,,,
1967-madison-square-garden-pro,Madison Square Garden Pro Championships,Carpet,13,P,19670605,5,S129,,,Fred Stolle,R,191,AUS,28.657,G178,,,Sammy Giammalva Sr.,R,,USA,32.843,8-6 6-0,3,R16,,,,,,,,,,,,,,,,,,,,,,,
1967-madison-square-garden-pro,Madison Square Garden Pro Championships,Carpet,13,P,19670605,6,G075,,,Andres Gimeno,R,185,ESP,29.837,A060,,,Mal Anderson,R,,AUS,32.257,7-5 6-4,3,QF,,,,,,,,,,,,,,,,,,,,,,,
1967-madison-square-garden-pro,Madison Square Garden Pro Championships,Carpet,13,P,19670605,7,R064,,,Dennis Ralston,R,188,USA,24.857,B122,,,Pierre Barthes,R,,FRA,25.642,8-6 6-2,3,QF,,,,,,,,,,,,,,,,,,,,,,,
1967-madison-square-garden-pro,Madison Square Garden Pro Championships,Carpet,13,P,19670605,8,L058,,,Rod Laver,L,173,AUS,28.821,S129,,,Fred Stolle,R,191,AUS,28.657,7-9 6-3 6-4,3,QF,,,,,,,,,,,,,,,,,,,,,,,
1967-madison-square-garden-pro,Madison Square Garden Pro Championships,Carpet,13,P,19670605,9,R075,,,Ken Rosewall,R,170,AUS,32.588,D133,,,Mike Davies,R,,GBR,31.403,6-2 6-1,3,QF,,,,,,,,,,,,,,,,,,,,,,,
1967-madison-square-garden-pro,Madison Square Garden Pro Championships,Carpet,13,P,19670605,10,L058,,,Rod Laver,L,173,AUS,28.821,R064,,,Dennis Ralston,R,188,USA,24.857,6-1 6-3,3,SF,,,,,,,,,,,,,,,,,,,,,,,
1967-madison-square-garden-pro,Madison Square Garden Pro Championships,Carpet,13,P,19670605,11,R075,,,Ken Rosewall,R,170,AUS,32.588,G075,,,Andres Gimeno,R,185,ESP,29.837,6-3 6-2,3,SF,,,,,,,,,,,,,,,,,,,,,,,
1967-madison-square-garden-pro,Madison Square Garden Pro Championships,Carpet,13,P,19670605,12,L058,,,Rod Laver,L,173,AUS,28.821,R075,,,Ken Rosewall,R,170,AUS,32.588,6-4 6-4,3,F,,,,,,,,,,,,,,,,,,,,,,,
1967-us-pro-hard-court,U.S. Pro Hard Court Championships,Hard,13,P,19670612,1,R075,,,Ken Rosewall,R,170,AUS,32.607,MD57,,,Larry Miller,,,USA,,6-2 6-2,3,R16,,,,,,,,,,,,,,,,,,,,,,,
1967-us-pro-hard-court,U.S. Pro Hard Court Championships,Hard,13,P,19670612,2,G075,,,Andres Gimeno,R,185,ESP,29.856,A060,,,Mal Anderson,R,,AUS,32.276,6-2 6-4,3,R16,,,,,,,,,,,,,,,,,,,,,,,
1967-us-pro-hard-court,U.S. Pro Hard Court Championships,Hard,13,P,19670612,3,O042,,,Alex Olmedo,R,,USA,31.217,B122,,,Pierre Barthes,R,,FRA,25.662,3-6 6-3 6-2,3,R16,,,,,,,,,,,,,,,,,,,,,,,
1967-us-pro-hard-court,U.S. Pro Hard Court Championships,Hard,13,P,19670612,4,S129,,,Fred Stolle,R,191,AUS,28.676,S246,,,Pancho Segura,R,,ECU,45.976,4-6 6-1 6-4,3,R16,,,,,,,,,,,,,,,,,,,,,,,
1967-us-pro-hard-court,U.S. Pro Hard Court Championships,Hard,13,P,19670612,5,L058,,,Rod Laver,L,173,AUS,28.840,H726,,,Dick Horowitz,,,USA,,6-2 6-2,3,R16,,,,,,,,,,,,,,,,,,,,,,,
1967-us-pro-hard-court,U.S. Pro Hard Court Championships,Hard,13,P,19670612,6,R075,,,Ken Rosewall,R,170,AUS,32.607,B228,,,Earl Buchholz,R,188,USA,26.735,4-6 6-4 9-7,3,QF,,,,,,,,,,,,,,,,,,,,,,,
1967-us-pro-hard-court,U.S. Pro Hard Court Championships,Hard,13,P,19670612,7,R064,,,Dennis Ralston,R,188,USA,24.876,D133,,,Mike Davies,R,,GBR,31.422,6-2 12-10,3,QF,,,,,,,,,,,,,,,,,,,,,,,
1967-us-pro-hard-court,U.S. Pro Hard Court Championships,Hard,13,P,19670612,8,G075,,,Andres Gimeno,R,185,ESP,29.856,O042,,,Alex Olmedo,R,,USA,31.217,6-3 6-3,3,QF,,,,,,,,,,,,,,,,,,,,,,,
1967-us-pro-hard-court,U.S. Pro Hard Court Championships,Hard,13,P,19670612,9,S129,,,Fred Stolle,R,191,AUS,28.676,L058,,,Rod Laver,L,173,AUS,28.840,6-3 6-4,3,QF,,,,,,,,,,,,,,,,,,,,,,,
1967-us-pro-hard-court,U.S. Pro Hard Court Championships,Hard,13,P,19670612,10,R075,,,Ken Rosewall,R,170,AUS,32.607,R064,,,Dennis Ralston,R,188,USA,24.876,6-4 6-4,3,SF,,,,,,,,,,,,,,,,,,,,,,,
1967-us-pro-hard-court,U.S. Pro Hard Court Championships,Hard,13,P,19670612,11,G075,,,Andres Gimeno,R,185,ESP,29.856,S129,,,Fred Stolle,R,191,AUS,28.676,3-6 6-3 6-4,3,SF,,,,,,,,,,,,,,,,,,,,,,,
1967-us-pro-hard-court,U.S. Pro Hard Court Championships,Hard,13,P,19670612,12,R075,,,Ken Rosewall,R,170,AUS,32.607,G075,,,Andres Gimeno,R,185,ESP,29.856,6-3 6-4,3,F,,,,,,,,,,,,,,,,,,,,,,,
1967-newport-beach-pro,Newport Beach Pro Championships,Hard,12,P,19670619,1,B228,,,Earl Buchholz,R,188,USA,26.754,S246,,,Pancho Segura,R,,ECU,45.995,6-2 3-6 6-3,3,R16,,,,,,,,,,,,,,,,,,,,,,,
1967-newport-beach-pro,Newport Beach Pro Championships,Hard,12,P,19670619,2,S129,,,Fred Stolle,R,191,AUS,28.696,B122,,,Pierre Barthes,R,,FRA,25.681,6-1 7-5,3,R16,,,,,,,,,,,,,,,,,,,,,,,
1967-newport-beach-pro,Newport Beach Pro Championships,Hard,12,P,19670619,3,O042,,,Alex Olmedo,R,,USA,31.236,A060,,,Mal Anderson,R,,AUS,32.296,6-4 7-5,3,R16,,,,,,,,,,,,,,,,,,,,,,,
1967-newport-beach-pro,Newport Beach Pro Championships,Hard,12,P,19670619,4,D133,,,Mike Davies,R,,GBR,31.441,SS51,,,Hugh Stewart,R,,USA,39.049,6-1 7-5,3,R16,,,,,,,,,,,,,,,,,,,,,,,
1967-newport-beach-pro,Newport Beach Pro Championships,Hard,12,P,19670619,5,R075,,,Ken Rosewall,R,170,AUS,32.626,B228,,,Earl Buchholz,R,188,USA,26.754,6-2 6-2,3,QF,,,,,,,,,,,,,,,,,,,,,,,
1967-newport-beach-pro,Newport Beach Pro Championships,Hard,12,P,19670619,6,S129,,,Fred Stolle,R,191,AUS,28.696,R064,,,Dennis Ralston,R,188,USA,24.895,2-6 6-3 6-4,3,QF,,,,,,,,,,,,,,,,,,,,,,,
1967-newport-beach-pro,Newport Beach Pro Championships,Hard,12,P,19670619,7,G075,,,Andres Gimeno,R,185,ESP,29.875,O042,,,Alex Olmedo,R,,USA,31.236,7-9 6-2 6-3,3,QF,,,,,,,,,,,,,,,,,,,,,,,
1967-newport-beach-pro,Newport Beach Pro Championships,Hard,12,P,19670619,8,L058,,,Rod Laver,L,173,AUS,28.859,D133,,,Mike Davies,R,,GBR,31.441,3-6 6-4 6-0,3,QF,,,,,,,,,,,,,,,,,,,,,,,
1967-newport-beach-pro,Newport Beach Pro Championships,Hard,12,P,19670619,9,R075,,,Ken Rosewall,R,170,AUS,32.626,S129,,,Fred Stolle,R,191,AUS,28.696,6-1 6-3,3,SF,,,,,,,,,,,,,,,,,,,,,,,
1967-newport-beach-pro,Newport Beach Pro Championships,Hard,12,P,19670619,10,L058,,,Rod Laver,L,173,AUS,28.859,G075,,,Andres Gimeno,R,185,ESP,29.875,6-3 6-3,3,SF,,,,,,,,,,,,,,,,,,,,,,,
1967-newport-beach-pro,Newport Beach Pro Championships,Hard,12,P,19670619,11,R075,,,Ken Rosewall,R,170,AUS,32.626,L058,,,Rod Laver,L,173,AUS,28.859,6-3 6-3,3,F,,,,,,,,,,,,,,,,,,,,,,,
1967-world-pro-oklahoma,World Pro Championships,Hard,12,P,19670626,1,R075,,,Ken Rosewall,R,170,AUS,32.646,A060,,,Mal Anderson,R,,AUS,32.315,6-4 6-4,3,R16,,,,,,,,,,,,,,,,,,,,,,,
1967-world-pro-oklahoma,World Pro Championships,Hard,12,P,19670626,2,O042,,,Alex Olmedo,R,,USA,31.255,B122,,,Pierre Barthes,R,,FRA,25.700,6-4 6-2,3,R16,,,,,,,,,,,,,,,,,,,,,,,
1967-world-pro-oklahoma,World Pro Championships,Hard,12,P,19670626,3,R064,,,Dennis Ralston,R,188,USA,24.914,B228,,,Earl Buchholz,R,188,USA,26.773,6-4 6-3,3,R16,,,,,,,,,,,,,,,,,,,,,,,
1967-world-pro-oklahoma,World Pro Championships,Hard,12,P,19670626,4,S129,,,Fred Stolle,R,191,AUS,28.715,D133,,,Mike Davies,R,,GBR,31.460,6-3 6-3,3,R16,,,,,,,,,,,,,,,,,,,,,,,
1967-world-pro-oklahoma,World Pro Championships,Hard,12,P,19670626,5,R075,,,Ken Rosewall,R,170,AUS,32.646,M294,,,Barry MacKay,R,191,USA,31.819,6-4 6-2,3,QF,,,,,,,,,,,,,,,,,,,,,,,
1967-world-pro-oklahoma,World Pro Championships,Hard,12,P,19670626,6,R064,,,Dennis Ralston,R,188,USA,24.914,O042,,,Alex Olmedo,R,,USA,31.255,8-6 10-12 6-1,3,QF,,,,,,,,,,,,,,,,,,,,,,,
1967-world-pro-oklahoma,World Pro Championships,Hard,12,P,19670626,7,G075,,,Andres Gimeno,R,185,ESP,29.894,S129,,,Fred Stolle,R,191,AUS,28.715,6-2 6-2,3,QF,,,,,,,,,,,,,,,,,,,,,,,
1967-world-pro-oklahoma,World Pro Championships,Hard,12,P,19670626,8,L058,,,Rod Laver,L,173,AUS,28.879,S246,,,Pancho Segura,R,,ECU,46.014,6-1 6-0,3,QF,,,,,,,,,,,,,,,,,,,,,,,
1967-world-pro-oklahoma,World Pro Championships,Hard,12,P,19670626,9,R075,,,Ken Rosewall,R,170,AUS,32.646,R064,,,Dennis Ralston,R,188,USA,24.914,6-4 6-3,3,SF,,,,,,,,,,,,,,,,,,,,,,,
1967-world-pro-oklahoma,World Pro Championships,Hard,12,P,19670626,10,L058,,,Rod Laver,L,173,AUS,28.879,G075,,,Andres Gimeno,R,185,ESP,29.894,6-1 3-6 6-3,3,SF,,,,,,,,,,,,,,,,,,,,,,,
1967-world-pro-oklahoma,World Pro Championships,Hard,12,P,19670626,11,L058,,,Rod Laver,L,173,AUS,28.879,R075,,,Ken Rosewall,R,170,AUS,32.646,6-2 3-6 6-4,3,F,,,,,,,,,,,,,,,,,,,,,,,
1967-cincinnati-pro,Cincinnati Pro Championships,Hard,12,P,19670703,1,O042,,,Alex Olmedo,R,,USA,31.274,M294,,,Barry MacKay,R,191,USA,31.838,7-5 7-5,3,R16,,,,,,,,,,,,,,,,,,,,,,,
1967-cincinnati-pro,Cincinnati Pro Championships,Hard,12,P,19670703,2,B228,,,Earl Buchholz,R,188,USA,26.793,D133,,,Mike Davies,R,,GBR,31.480,6-3 6-3,3,R16,,,,,,,,,,,,,,,,,,,,,,,
1967-cincinnati-pro,Cincinnati Pro Championships,Hard,12,P,19670703,3,R064,,,Dennis Ralston,R,188,USA,24.934,S246,,,Pancho Segura,R,,ECU,46.033,6-2 6-2,3,R16,,,,,,,,,,,,,,,,,,,,,,,
1967-cincinnati-pro,Cincinnati Pro Championships,Hard,12,P,19670703,4,R075,,,Ken Rosewall,R,170,AUS,32.665,A060,,,Mal Anderson,R,,AUS,32.334,6-2 6-4,3,R16,,,,,,,,,,,,,,,,,,,,,,,
1967-cincinnati-pro,Cincinnati Pro Championships,Hard,12,P,19670703,5,L058,,,Rod Laver,L,173,AUS,28.898,O042,,,Alex Olmedo,R,,USA,31.274,6-0 8-6,3,QF,,,,,,,,,,,,,,,,,,,,,,,
1967-cincinnati-pro,Cincinnati Pro Championships,Hard,12,P,19670703,6,G075,,,Andres Gimeno,R,185,ESP,29.914,B228,,,Earl Buchholz,R,188,USA,26.793,6-2 6-1,3,QF,,,,,,,,,,,,,,,,,,,,,,,
1967-cincinnati-pro,Cincinnati Pro Championships,Hard,12,P,19670703,7,R064,,,Dennis Ralston,R,188,USA,24.934,B122,,,Pierre Barthes,R,,FRA,25.719,6-1 6-3,3,QF,,,,,,,,,,,,,,,,,,,,,,,
1967-cincinnati-pro,Cincinnati Pro Championships,Hard,12,P,19670703,8,R075,,,Ken Rosewall,R,170,AUS,32.665,S129,,,Fred Stolle,R,191,AUS,28.734,6-4 6-4,3,QF,,,,,,,,,,,,,,,,,,,,,,,
1967-cincinnati-pro,Cincinnati Pro Championships,Hard,12,P,19670703,9,G075,,,Andres Gimeno,R,185,ESP,29.914,L058,,,Rod Laver,L,173,AUS,28.898,3-6 6-3 6-4,3,SF,,,,,,,,,,,,,,,,,,,,,,,
1967-cincinnati-pro,Cincinnati Pro Championships,Hard,12,P,19670703,10,R075,,,Ken Rosewall,R,170,AUS,32.665,R064,,,Dennis Ralston,R,188,USA,24.934,6-3 7-5,3,SF,,,,,,,,,,,,,,,,,,,,,,,
1967-cincinnati-pro,Cincinnati Pro Championships,Hard,12,P,19670703,11,G075,,,Andres Gimeno,R,185,ESP,29.914,R075,,,Ken Rosewall,R,170,AUS,32.665,6-3 7-5,3,F,,,,,,,,,,,,,,,,,,,,,,,
1967-newport-casino-pro,Newport Casino Pro,Grass,10,P,19670717,1,G075,,,Andres Gimeno,,,ESP,29.952,S129,,,Fred Stolle,,,AUS,28.772,31-16,3,RR,,,,,,,,,,,,,,,,,,,,,,,
1967-newport-casino-pro,Newport Casino Pro,Grass,10,P,19670717,2,G075,,,Andres Gimeno,,,ESP,29.952,M294,,,Barry MacKay,,,USA,31.877,31-21,3,RR,,,,,,,,,,,,,,,,,,,,,,,
1967-newport-casino-pro,Newport Casino Pro,Grass,10,P,19670717,3,L058,,,Rod Laver,,,AUS,28.936,D133,,,Mike Davies,,,GBR,31.518,31-23,3,RR,,,,,,,,,,,,,,,,,,,,,,,
1967-newport-casino-pro,Newport Casino Pro,Grass,10,P,19670717,4,M294,,,Barry MacKay,,,USA,31.877,L058,,,Rod Laver,,,AUS,28.936,31-24,3,RR,,,,,,,,,,,,,,,,,,,,,,,
1967-newport-casino-pro,Newport Casino Pro,Grass,10,P,19670717,5,L058,,,Rod Laver,,,AUS,28.936,S129,,,Fred Stolle,,,AUS,28.772,31-28,3,RR,,,,,,,,,,,,,,,,,,,,,,,
1967-newport-casino-pro,Newport Casino Pro,Grass,10,P,19670717,6,D133,,,Mike Davies,,,GBR,31.518,M294,,,Barry MacKay,,,USA,31.877,31-26,3,RR,,,,,,,,,,,,,,,,,,,,,,,
1967-newport-casino-pro,Newport Casino Pro,Grass,10,P,19670717,7,G075,,,Andres Gimeno,,,ESP,29.952,L058,,,Rod Laver,,,AUS,28.936,31-30,3,RR,,,,,,,,,,,,,,,,,,,,,,,
1967-newport-casino-pro,Newport Casino Pro,Grass,10,P,19670717,8,S129,,,Fred Stolle,,,AUS,28.772,M294,,,Barry MacKay,,,USA,31.877,31-25,3,RR,,,,,,,,,,,,,,,,,,,,,,,
1967-newport-casino-pro,Newport Casino Pro,Grass,10,P,19670717,9,G075,,,Andres Gimeno,,,ESP,29.952,D133,,,Mike Davies,,,GBR,31.518,31-27,3,RR,,,,,,,,,,,,,,,,,,,,,,,
1967-newport-casino-pro,Newport Casino Pro,Grass,10,P,19670717,10,S129,,,Fred Stolle,,,AUS,28.772,D133,,,Mike Davies,,,GBR,31.518,31-17,3,RR,,,,,,,,,,,,,,,,,,,,,,,
1967-newport-casino-pro,Newport Casino Pro,Grass,10,P,19670717,11,R075,,,Ken Rosewall,,,AUS,32.704,B228,,,Earl Buchholz,,,USA,26.831,31-27,3,RR,,,,,,,,,,,,,,,,,,,,,,,
1967-newport-casino-pro,Newport Casino Pro,Grass,10,P,19670717,12,R075,,,Ken Rosewall,,,AUS,32.704,B122,,,Pierre Barthes,,,FRA,25.840,31-24,3,RR,,,,,,,,,,,,,,,,,,,,,,,
1967-newport-casino-pro,Newport Casino Pro,Grass,10,P,19670717,13,R064,,,Dennis Ralston,,,USA,24.972,A060,,,Mal Anderson,,,AUS,32.372,31-28,3,RR,,,,,,,,,,,,,,,,,,,,,,,
1967-newport-casino-pro,Newport Casino Pro,Grass,10,P,19670717,14,R064,,,Dennis Ralston,,,USA,24.972,B228,,,Earl Buchholz,,,USA,26.831,31-27,3,RR,,,,,,,,,,,,,,,,,,,,,,,
1967-newport-casino-pro,Newport Casino Pro,Grass,10,P,19670717,15,B228,,,Earl Buchholz,,,USA,26.831,B122,,,Pierre Barthes,,,FRA,25.840,31-29,3,RR,,,,,,,,,,,,,,,,,,,,,,,
1967-newport-casino-pro,Newport Casino Pro,Grass,10,P,19670717,16,R075,,,Ken Rosewall,,,AUS,32.704,A060,,,Mal Anderson,,,AUS,32.372,31-22,3,RR,,,,,,,,,,,,,,,,,,,,,,,
1967-newport-casino-pro,Newport Casino Pro,Grass,10,P,19670717,17,B228,,,Earl Buchholz,,,USA,26.831,A060,,,Mal Anderson,,,AUS,32.372,31-28,3,RR,,,,,,,,,,,,,,,,,,,,,,,
1967-newport-casino-pro,Newport Casino Pro,Grass,10,P,19670717,18,R064,,,Dennis Ralston,,,USA,24.972,B122,,,Pierre Barthes,,,FRA,25.840,31-16,3,RR,,,,,,,,,,,,,,,,,,,,,,,
1967-newport-casino-pro,Newport Casino Pro,Grass,10,P,19670717,19,R075,,,Ken Rosewall,,,AUS,32.704,R064,,,Dennis Ralston,,,USA,24.972,31-23,3,RR,,,,,,,,,,,,,,,,,,,,,,,
1967-newport-casino-pro,Newport Casino Pro,Grass,10,P,19670717,20,A060,,,Mal Anderson,,,AUS,32.372,B122,,,Pierre Barthes,,,FRA,25.840,31-30,3,RR,,,,,,,,,,,,,,,,,,,,,,,
1967-newport-casino-pro,Newport Casino Pro,Grass,10,P,19670717,21,L058,,,Rod Laver,,,AUS,28.936,B228,,,Earl Buchholz,,,USA,26.831,31-16,3,RR,,,,,,,,,,,,,,,,,,,,,,,
1967-newport-casino-pro,Newport Casino Pro,Grass,10,P,19670717,22,R075,,,Ken Rosewall,,,AUS,32.704,G075,,,Andres Gimeno,,,ESP,29.952,31-25,3,RR,,,,,,,,,,,,,,,,,,,,,,,
1967-newport-casino-pro,Newport Casino Pro,Grass,10,P,19670717,23,L058,,,Rod Laver,,,AUS,28.936,R075,,,Ken Rosewall,,,AUS,32.704,31-20,3,RR,,,,,,,,,,,,,,,,,,,,,,,
1967-newport-casino-pro,Newport Casino Pro,Grass,10,P,19670717,24,R075,,,Ken Rosewall,,,AUS,32.704,B228,,,Earl Buchholz,,,USA,26.831,31-20,3,RR,,,,,,,,,,,,,,,,,,,,,,,
1967-newport-casino-pro,Newport Casino Pro,Grass,10,P,19670717,25,G075,,,Andres Gimeno,,,ESP,29.952,B228,,,Earl Buchholz,,,USA,26.831,31-28,3,RR,,,,,,,,,,,,,,,,,,,,,,,
1967-newport-casino-pro,Newport Casino Pro,Grass,10,P,19670717,26,L058,,,Rod Laver,,,AUS,28.936,G075,,,Andres Gimeno,,,ESP,29.952,31-27,3,RR,,,,,,,,,,,,,,,,,,,,,,,
1967-binghamton-pro,Binghamton Masters Pro,Hard,10,P,19670724,1,G075,,,Andres Gimeno,R,185,ESP,29.971,A060,,,Mal Anderson,R,,AUS,32.391,7-5 6-1,3,R16,,,,,,,,,,,,,,,,,,,,,,,
1967-binghamton-pro,Binghamton Masters Pro,Hard,10,P,19670724,2,L058,,,Rod Laver,L,173,AUS,28.955,B228,,,Earl Buchholz,R,188,USA,26.850,6-0 12-10,3,R16,,,,,,,,,,,,,,,,,,,,,,,
1967-binghamton-pro,Binghamton Masters Pro,Hard,10,P,19670724,3,G075,,,Andres Gimeno,R,185,ESP,29.971,B122,,,Pierre Barthes,R,,FRA,25.859,6-1 6-2,3,QF,,,,,,,,,,,,,,,,,,,,,,,
1967-binghamton-pro,Binghamton Masters Pro,Hard,10,P,19670724,4,M294,,,Barry MacKay,R,191,USA,31.895,R064,,,Dennis Ralston,R,188,USA,24.991,6-3 5-7 6-4,3,QF,,,,,,,,,,,,,,,,,,,,,,,
1967-binghamton-pro,Binghamton Masters Pro,Hard,10,P,19670724,5,S129,,,Fred Stolle,R,191,AUS,28.791,A073,,,Luis Ayala,R,,CHI,34.844,6-3 6-1,3,QF,,,,,,,,,,,,,,,,,,,,,,,
1967-binghamton-pro,Binghamton Masters Pro,Hard,10,P,19670724,6,L058,,,Rod Laver,L,173,AUS,28.955,D133,,,Mike Davies,R,,GBR,31.537,8-6 6-2,3,QF,,,,,,,,,,,,,,,,,,,,,,,
1967-binghamton-pro,Binghamton Masters Pro,Hard,10,P,19670724,7,G075,,,Andres Gimeno,R,185,ESP,29.971,M294,,,Barry MacKay,R,191,USA,31.895,6-3 6-3,3,SF,,,,,,,,,,,,,,,,,,,,,,,
1967-binghamton-pro,Binghamton Masters Pro,Hard,10,P,19670724,8,L058,,,Rod Laver,L,173,AUS,28.955,S129,,,Fred Stolle,R,191,AUS,28.791,6-3 8-6,3,SF,,,,,,,,,,,,,,,,,,,,,,,
1967-binghamton-pro,Binghamton Masters Pro,Hard,10,P,19670724,9,L058,,,Rod Laver,L,173,AUS,28.955,G075,,,Andres Gimeno,R,185,ESP,29.971,6-1 6-3,3,F,,,,,,,,,,,,,,,,,,,,,,,
1967-us-pro,U.S. Pro Tennis Championships,Grass,16,P,19670710,1,R064,,,Dennis Ralston,R,188,USA,24.953,B228,,,Earl Buchholz,R,188,USA,26.812,6-2 6-3,3,R16,,,,,,,,,,,,,,,,,,,,,,,
1967-us-pro,U.S. Pro Tennis Championships,Grass,16,P,19670710,2,A073,,,Luis Ayala,R,,CHI,34.806,G178,,,Sammy Giammalva Sr.,R,,USA,32.939,1-6 6-1 16-14,3,R16,,,,,,,,,,,,,,,,,,,,,,,
1967-us-pro,U.S. Pro Tennis Championships,Grass,16,P,19670710,3,D133,,,Mike Davies,R,,GBR,31.499,B122,,,Pierre Barthes,R,,FRA,25.738,6-1 9-11 11-9,3,R16,,,,,,,,,,,,,,,,,,,,,,,
1967-us-pro,U.S. Pro Tennis Championships,Grass,16,P,19670710,4,R075,,,Ken Rosewall,R,170,AUS,32.684,A060,,,Mal Anderson,R,,AUS,32.353,7-5 6-8 6-3,3,R16,,,,,,,,,,,,,,,,,,,,,,,
1967-us-pro,U.S. Pro Tennis Championships,Grass,16,P,19670710,5,S129,,,Fred Stolle,R,191,AUS,28.753,M294,,,Barry MacKay,R,191,USA,31.857,6-3 6-4,3,R16,,,,,,,,,,,,,,,,,,,,,,,
1967-us-pro,U.S. Pro Tennis Championships,Grass,16,P,19670710,6,L058,,,Rod Laver,L,173,AUS,28.917,O042,,,Alex Olmedo,R,,USA,31.293,6-1 6-2,3,R16,,,,,,,,,,,,,,,,,,,,,,,
1967-us-pro,U.S. Pro Tennis Championships,Grass,16,P,19670710,7,G075,,,Andres Gimeno,R,185,ESP,29.933,S246,,,Pancho Segura,R,,ECU,46.052,6-3 6-3,3,QF,,,,,,,,,,,,,,,,,,,,,,,
1967-us-pro,U.S. Pro Tennis Championships,Grass,16,P,19670710,8,S129,,,Fred Stolle,R,191,AUS,28.753,R064,,,Dennis Ralston,R,188,USA,24.953,5-7 6-3 7-5,3,QF,,,,,,,,,,,,,,,,,,,,,,,
1967-us-pro,U.S. Pro Tennis Championships,Grass,16,P,19670710,9,L058,,,Rod Laver,L,173,AUS,28.917,A073,,,Luis Ayala,R,,CHI,34.806,6-1 6-2,3,QF,,,,,,,,,,,,,,,,,,,,,,,
1967-us-pro,U.S. Pro Tennis Championships,Grass,16,P,19670710,10,R075,,,Ken Rosewall,R,170,AUS,32.684,D133,,,Mike Davies,R,,GBR,31.499,6-0 6-2,3,QF,,,,,,,,,,,,,,,,,,,,,,,
1967-us-pro,U.S. Pro Tennis Championships,Grass,16,P,19670710,11,G075,,,Andres Gimeno,R,185,ESP,29.933,R075,,,Ken Rosewall,R,170,AUS,32.684,7-5 6-2,3,SF,,,,,,,,,,,,,,,,,,,,,,,
1967-us-pro,U.S. Pro Tennis Championships,Grass,16,P,19670710,12,L058,,,Rod Laver,L,173,AUS,28.917,S129,,,Fred Stolle,R,191,AUS,28.753,4-6 6-2 6-3,3,SF,,,,,,,,,,,,,,,,,,,,,,,
1967-us-pro,U.S. Pro Tennis Championships,Grass,16,P,19670710,13,L058,,,Rod Laver,L,173,AUS,28.917,G075,,,Andres Gimeno,R,185,ESP,29.933,4-6 6-4 6-3 7-5,5,F,,,,,,,,,,,,,,,,,,,,,,,
1967-colonial-pro,Colonial Pro Championships,Hard,16,P,19670807,1,B122,,,Pierre Barthes,R,,FRA,25.815,,,,Warren McMillan,,,USA,,6-2 6-0,3,R16,,,,,,,,,,,,,,,,,,,,,,,
1967-colonial-pro,Colonial Pro Championships,Hard,16,P,19670807,2,S246,,,Pancho Segura,R,,ECU,46.129,D133,,,Mike Davies,R,,GBR,31.575,6-3 3-6 6-1,3,R16,,,,,,,,,,,,,,,,,,,,,,,
1967-colonial-pro,Colonial Pro Championships,Hard,16,P,19670807,3,S129,,,Fred Stolle,R,191,AUS,28.830,BN94,,,Tut Bartzen,,,USA,39.710,6-2 6-3,3,R16,,,,,,,,,,,,,,,,,,,,,,,
1967-colonial-pro,Colonial Pro Championships,Hard,16,P,19670807,4,G077,,,Pancho Gonzales,R,188,USA,39.247,B228,,,Earl Buchholz,R,188,USA,26.889,6-4 6-3,3,R16,,,,,,,,,,,,,,,,,,,,,,,
1967-colonial-pro,Colonial Pro Championships,Hard,16,P,19670807,5,M294,,,Barry MacKay,R,191,USA,31.934,P145,,,Antonio Palafox,R,,MEX,31.277,6-2 6-2,3,R16,,,,,,,,,,,,,,,,,,,,,,,
1967-colonial-pro,Colonial Pro Championships,Hard,16,P,19670807,6,O042,,,Alex Olmedo,R,,USA,31.370,A060,,,Mal Anderson,R,,AUS,32.430,6-4 5-7 8-6,3,R16,,,,,,,,,,,,,,,,,,,,,,,
1967-colonial-pro,Colonial Pro Championships,Hard,16,P,19670807,7,R064,,,Dennis Ralston,R,188,USA,25.029,B122,,,Pierre Barthes,R,,FRA,25.815,W/O,3,QF,,,,,,,,,,,,,,,,,,,,,,,
1967-colonial-pro,Colonial Pro Championships,Hard,16,P,19670807,8,S129,,,Fred Stolle,R,191,AUS,28.830,S246,,,Pancho Segura,R,,ECU,46.129,6-3 6-4,3,QF,,,,,,,,,,,,,,,,,,,,,,,
1967-colonial-pro,Colonial Pro Championships,Hard,16,P,19670807,9,G077,,,Pancho Gonzales,R,188,USA,39.247,M294,,,Barry MacKay,R,191,USA,31.934,6-0 6-1,3,QF,,,,,,,,,,,,,,,,,,,,,,,
1967-colonial-pro,Colonial Pro Championships,Hard,16,P,19670807,10,L058,,,Rod Laver,L,173,AUS,28.994,O042,,,Alex Olmedo,R,,USA,31.370,6-2 6-4,3,QF,,,,,,,,,,,,,,,,,,,,,,,
1967-colonial-pro,Colonial Pro Championships,Hard,16,P,19670807,11,R064,,,Dennis Ralston,R,188,USA,25.029,S129,,,Fred Stolle,R,191,AUS,28.830,6-1 6-8 6-4,3,SF,,,,,,,,,,,,,,,,,,,,,,,
1967-colonial-pro,Colonial Pro Championships,Hard,16,P,19670807,12,L058,,,Rod Laver,L,173,AUS,28.994,G077,,,Pancho Gonzales,R,188,USA,39.247,9-7 6-3,3,SF,,,,,,,,,,,,,,,,,,,,,,,
1967-colonial-pro,Colonial Pro Championships,Hard,16,P,19670807,13,L058,,,Rod Laver,L,173,AUS,28.994,R064,,,Dennis Ralston,R,188,USA,25.029,8-6 6-0,3,F,,,,,,,,,,,,,,,,,,,,,,,
1967-wimbledon-pro,Wimbledon Pro,Grass,8,P,19670821,1,L058,1,,Rod Laver,L,173,AUS,29.032,S129,,,Fred Stolle,R,191,AUS,28.868,6-4 6-2,3,QF,,,,,,,,,,,,,,,,,,,,,,,
1967-wimbledon-pro,Wimbledon Pro,Grass,8,P,19670821,2,G075,4,,Andres Gimeno,R,185,ESP,30.048,R064,,,Dennis Ralston,R,188,USA,25.068,6-1 6-2,3,QF,,,,,,,,,,,,,,,,,,,,,,,
1967-wimbledon-pro,Wimbledon Pro,Grass,8,P,19670821,3,H132,,,Lew Hoad,R,173,AUS,32.742,G077,3,,Pancho Gonzales,R,188,USA,39.283,3-6 11-9 8-6,3,QF,,,,,,,,,,,,,,,,,,,,,,,
1967-wimbledon-pro,Wimbledon Pro,Grass,8,P,19670821,4,R075,2,,Ken Rosewall,R,170,AUS,32.799,B228,,,Earl Buchholz,R,188,USA,26.927,5-7 6-2 6-3,3,QF,,,,,,,,,,,,,,,,,,,,,,,
1967-wimbledon-pro,Wimbledon Pro,Grass,8,P,19670821,5,L058,1,,Rod Laver,L,173,AUS,29.032,G075,4,,Andres Gimeno,R,185,ESP,30.048,6-3 6-4,3,SF,,,,,,,,,,,,,,,,,,,,,,,
1967-wimbledon-pro,Wimbledon Pro,Grass,8,P,19670821,6,R075,2,,Ken Rosewall,R,170,AUS,32.799,H132,,,Lew Hoad,R,173,AUS,32.742,6-2 6-3,3,SF,,,,,,,,,,,,,,,,,,,,,,,
1967-wimbledon-pro,Wimbledon Pro,Grass,8,P,19670821,7,L058,1,,Rod Laver,L,173,AUS,29.032,R075,2,,Ken Rosewall,R,170,AUS,32.799,6-2 6-2 12-10,5,F,,,,,,,,,,,,,,,,,,,,,,,
1967-transvaal-pro,Transvaal Pro,Hard,16,P,19670904,1,D133,,,Mike Davies,,,GBR,31.652,D139,,,Keith Diepraam,,,RSA,24.980,6-2 6-3,3,R16,,,,,,,,,,,,,,,,,,,,,,,
1967-transvaal-pro,Transvaal Pro,Hard,16,P,19670904,2,M294,,,Barry MacKay,,,USA,32.011,B228,,,Earl Buchholz,,,USA,26.965,6-3 6-2,3,R16,,,,,,,,,,,,,,,,,,,,,,,
1967-transvaal-pro,Transvaal Pro,Hard,16,P,19670904,3,G075,,,Andres Gimeno,,,ESP,30.086,D133,,,Mike Davies,,,GBR,31.652,6-3 6-4,3,QF,,,,,,,,,,,,,,,,,,,,,,,
1967-transvaal-pro,Transvaal Pro,Hard,16,P,19670904,4,L058,,,Rod Laver,,,AUS,29.070,B122,,,Pierre Barthes,,,FRA,25.974,6-2 7-9 6-3,3,QF,,,,,,,,,,,,,,,,,,,,,,,
1967-transvaal-pro,Transvaal Pro,Hard,16,P,19670904,5,R075,,,Ken Rosewall,,,AUS,32.838,H132,,,Lew Hoad,,,AUS,32.780,6-4 6-0,3,QF,,,,,,,,,,,,,,,,,,,,,,,
1967-transvaal-pro,Transvaal Pro,Hard,16,P,19670904,6,S129,,,Fred Stolle,,,AUS,28.906,M294,,,Barry MacKay,,,USA,32.011,9-7 6-3,3,QF,,,,,,,,,,,,,,,,,,,,,,,
1967-transvaal-pro,Transvaal Pro,Hard,16,P,19670904,7,G075,,,Andres Gimeno,,,ESP,30.086,L058,,,Rod Laver,,,AUS,29.070,6-4 3-6 6-4,3,SF,,,,,,,,,,,,,,,,,,,,,,,
1967-transvaal-pro,Transvaal Pro,Hard,16,P,19670904,8,S129,,,Fred Stolle,,,AUS,28.906,R075,,,Ken Rosewall,,,AUS,32.838,8-6 3-6 6-4,3,SF,,,,,,,,,,,,,,,,,,,,,,,
1967-transvaal-pro,Transvaal Pro,Hard,16,P,19670904,9,S129,,,Fred Stolle,,,AUS,28.906,G075,,,Andres Gimeno,,,ESP,30.086,6-1 6-2,3,F,,,,,,,,,,,,,,,,,,,,,,,
1967-transvaal-pro,Transvaal Pro,Hard,16,P,19670904,10,R075,,,Ken Rosewall,,,AUS,32.838,L058,,,Rod Laver,,,AUS,29.070,6-3 6-2,3,3P,,,,,,,,,,,,,,,,,,,,,,,
1967-natal-pro,Natal Pro,Hard,16,P,19670904,1,B122,,,Pierre Barthes,,,FRA,25.974,H132,,,Lew Hoad,,,AUS,32.780,9-7 4-6 6-1,3,R16,,,,,,,,,,,,,,,,,,,,,,,
1967-natal-pro,Natal Pro,Hard,16,P,19670904,2,M294,,,Barry MacKay,,,USA,32.011,D139,,,Keith Diepraam,,,RSA,24.980,6-2 3-6 6-3,3,R16,,,,,,,,,,,,,,,,,,,,,,,
1967-natal-pro,Natal Pro,Hard,16,P,19670904,3,R075,,,Ken Rosewall,,,AUS,32.838,B122,,,Pierre Barthes,,,FRA,25.974,9-7 7-5,3,QF,,,,,,,,,,,,,,,,,,,,,,,
1967-natal-pro,Natal Pro,Hard,16,P,19670904,4,G075,,,Andres Gimeno,,,ESP,30.086,B228,,,Earl Buchholz,,,USA,26.965,8-6 2-6 6-4,3,QF,,,,,,,,,,,,,,,,,,,,,,,
1967-natal-pro,Natal Pro,Hard,16,P,19670904,5,L058,,,Rod Laver,,,AUS,29.070,M294,,,Barry MacKay,,,USA,32.011,6-1 6-2,3,QF,,,,,,,,,,,,,,,,,,,,,,,
1967-natal-pro,Natal Pro,Hard,16,P,19670904,6,S129,,,Fred Stolle,,,AUS,28.906,D133,,,Mike Davies,,,GBR,31.652,6-1 6-2,3,QF,,,,,,,,,,,,,,,,,,,,,,,
1967-natal-pro,Natal Pro,Hard,16,P,19670904,7,R075,,,Ken Rosewall,,,AUS,32.838,G075,,,Andres Gimeno,,,ESP,30.086,6-3 6-2,3,SF,,,,,,,,,,,,,,,,,,,,,,,
1967-natal-pro,Natal Pro,Hard,16,P,19670904,8,S129,,,Fred Stolle,,,AUS,28.906,L058,,,Rod Laver,,,AUS,29.070,6-3 3-6 6-1,3,SF,,,,,,,,,,,,,,,,,,,,,,,
1967-natal-pro,Natal Pro,Hard,16,P,19670904,9,R075,,,Ken Rosewall,,,AUS,32.838,S129,,,Fred Stolle,,,AUS,28.906,6-4 6-2,3,F,,,,,,,,,,,,,,,,,,,,,,,
1967-natal-pro,Natal Pro,Hard,16,P,19670904,10,L058,,,Rod Laver,,,AUS,29.070,G075,,,Andres Gimeno,,,ESP,30.086,6-3 6-3,3,3P,,,,,,,,,,,,,,,,,,,,,,,
1967-border-pro,Border Pro,Hard,16,P,19670911,1,D139,,,Keith Diepraam,,,RSA,24.999,B228,,,Earl Buchholz,,,USA,26.984,8-6,3,R16,,,,,,,,,,,,,,,,,,,,,,,
1967-border-pro,Border Pro,Hard,16,P,19670911,2,M294,,,Barry MacKay,,,USA,32.030,H132,,,Lew Hoad,,,AUS,32.799,w/o,3,R16,,,,,,,,,,,,,,,,,,,,,,,
1967-border-pro,Border Pro,Hard,16,P,19670911,3,G075,,,Andres Gimeno,,,ESP,30.105,D139,,,Keith Diepraam,,,RSA,24.999,8-6,3,QF,,,,,,,,,,,,,,,,,,,,,,,
1967-border-pro,Border Pro,Hard,16,P,19670911,4,R075,,,Ken Rosewall,,,AUS,32.857,B122,,,Pierre Barthes,,,FRA,25.993,8-1,3,QF,,,,,,,,,,,,,,,,,,,,,,,
1967-border-pro,Border Pro,Hard,16,P,19670911,5,L058,,,Rod Laver,,,AUS,29.090,D133,,,Mike Davies,,,GBR,31.671,8-3,3,QF,,,,,,,,,,,,,,,,,,,,,,,
1967-border-pro,Border Pro,Hard,16,P,19670911,6,S129,,,Fred Stolle,,,AUS,28.925,M294,,,Barry MacKay,,,USA,32.030,8-2,3,QF,,,,,,,,,,,,,,,,,,,,,,,
1967-border-pro,Border Pro,Hard,16,P,19670911,7,G075,,,Andres Gimeno,,,ESP,30.105,R075,,,Ken Rosewall,,,AUS,32.857,8-5,3,SF,,,,,,,,,,,,,,,,,,,,,,,
1967-border-pro,Border Pro,Hard,16,P,19670911,8,S129,,,Fred Stolle,,,AUS,28.925,L058,,,Rod Laver,,,AUS,29.090,10-8,3,SF,,,,,,,,,,,,,,,,,,,,,,,
1967-border-pro,Border Pro,Hard,16,P,19670911,9,G075,,,Andres Gimeno,,,ESP,30.105,S129,,,Fred Stolle,,,AUS,28.925,8-3,3,F,,,,,,,,,,,,,,,,,,,,,,,
1967-border-pro,Border Pro,Hard,16,P,19670911,10,L058,,,Rod Laver,,,AUS,29.090,R075,,,Ken Rosewall,,,AUS,32.857,8-5,3,3P,,,,,,,,,,,,,,,,,,,,,,,
1967-eastern-province-pro,Eastern Province Pro,Hard,16,P,19670911,1,B228,,,Earl Buchholz,,,USA,26.984,D133,,,Mike Davies,,,GBR,31.671,8-4,3,R16,,,,,,,,,,,,,,,,,,,,,,,
1967-eastern-province-pro,Eastern Province Pro,Hard,16,P,19670911,2,B122,,,Pierre Barthes,,,FRA,25.993,D139,,,Keith Diepraam,,,RSA,24.999,8-5,3,R16,,,,,,,,,,,,,,,,,,,,,,,
1967-eastern-province-pro,Eastern Province Pro,Hard,16,P,19670911,3,G075,,,Andres Gimeno,,,ESP,30.105,B228,,,Earl Buchholz,,,USA,26.984,8-5,3,QF,,,,,,,,,,,,,,,,,,,,,,,
1967-eastern-province-pro,Eastern Province Pro,Hard,16,P,19670911,4,L058,,,Rod Laver,,,AUS,29.090,H132,,,Lew Hoad,,,AUS,32.799,w/o,3,QF,,,,,,,,,,,,,,,,,,,,,,,
1967-eastern-province-pro,Eastern Province Pro,Hard,16,P,19670911,5,S129,,,Fred Stolle,,,AUS,28.925,B122,,,Pierre Barthes,,,FRA,25.993,8-6,3,QF,,,,,,,,,,,,,,,,,,,,,,,
1967-eastern-province-pro,Eastern Province Pro,Hard,16,P,19670911,6,R075,,,Ken Rosewall,,,AUS,32.857,M294,,,Barry MacKay,,,USA,32.030,8-2,3,QF,,,,,,,,,,,,,,,,,,,,,,,
1967-eastern-province-pro,Eastern Province Pro,Hard,16,P,19670911,7,G075,,,Andres Gimeno,,,ESP,30.105,L058,,,Rod Laver,,,AUS,29.090,8-2,3,SF,,,,,,,,,,,,,,,,,,,,,,,
1967-eastern-province-pro,Eastern Province Pro,Hard,16,P,19670911,8,R075,,,Ken Rosewall,,,AUS,32.857,S129,,,Fred Stolle,,,AUS,28.925,8-5,3,SF,,,,,,,,,,,,,,,,,,,,,,,
1967-eastern-province-pro,Eastern Province Pro,Hard,16,P,19670911,9,G075,,,Andres Gimeno,,,ESP,30.105,R075,,,Ken Rosewall,,,AUS,32.857,10-0,3,F,,,,,,,,,,,,,,,,,,,,,,,
1967-eastern-province-pro,Eastern Province Pro,Hard,16,P,19670911,10,L058,,,Rod Laver,,,AUS,29.090,S129,,,Fred Stolle,,,AUS,28.925,8-5,3,3P,,,,,,,,,,,,,,,,,,,,,,,
1967-western-province-pro,Western Province Pro,Hard,16,P,19670911,1,B228,,,Earl Buchholz,,,USA,26.984,B122,,,Pierre Barthes,,,FRA,25.993,6-2 11-9,3,R16,,,,,,,,,,,,,,,,,,,,,,,
1967-western-province-pro,Western Province Pro,Hard,16,P,19670911,2,H132,,,Lew Hoad,,,AUS,32.799,D133,,,Mike Davies,,,GBR,31.671,6-1 6-4,3,R16,,,,,,,,,,,,,,,,,,,,,,,
1967-western-province-pro,Western Province Pro,Hard,16,P,19670911,3,R075,,,Ken Rosewall,,,AUS,32.857,D139,,,Keith Diepraam,,,RSA,24.999,6-4 6-2,3,QF,,,,,,,,,,,,,,,,,,,,,,,
1967-western-province-pro,Western Province Pro,Hard,16,P,19670911,4,B228,,,Earl Buchholz,,,USA,26.984,G075,,,Andres Gimeno,,,ESP,30.105,6-4 8-6,3,QF,,,,,,,,,,,,,,,,,,,,,,,
1967-western-province-pro,Western Province Pro,Hard,16,P,19670911,5,L058,,,Rod Laver,,,AUS,29.090,M294,,,Barry MacKay,,,USA,32.030,6-2 6-1,3,QF,,,,,,,,,,,,,,,,,,,,,,,
1967-western-province-pro,Western Province Pro,Hard,16,P,19670911,6,S129,,,Fred Stolle,,,AUS,28.925,H132,,,Lew Hoad,,,AUS,32.799,6-1 6-4,3,QF,,,,,,,,,,,,,,,,,,,,,,,
1967-western-province-pro,Western Province Pro,Hard,16,P,19670911,7,R075,,,Ken Rosewall,,,AUS,32.857,B228,,,Earl Buchholz,,,USA,26.984,6-3 7-5,3,SF,,,,,,,,,,,,,,,,,,,,,,,
1967-western-province-pro,Western Province Pro,Hard,16,P,19670911,8,S129,,,Fred Stolle,,,AUS,28.925,L058,,,Rod Laver,,,AUS,29.090,6-4 6-3,3,SF,,,,,,,,,,,,,,,,,,,,,,,
1967-western-province-pro,Western Province Pro,Hard,16,P,19670911,9,R075,,,Ken Rosewall,,,AUS,32.857,S129,,,Fred Stolle,,,AUS,28.925,6-1 3-6 6-3,3,F,,,,,,,,,,,,,,,,,,,,,,,
1967-western-province-pro,Western Province Pro,Hard,16,P,19670911,10,L058,,,Rod Laver,,,AUS,29.090,B228,,,Earl Buchholz,,,USA,26.984,6-3 3-6 6-4,3,3P,,,,,,,,,,,,,,,,,,,,,,,
1967-johannesburg-pro,Johannesburg Pro,Hard,16,P,19670918,1,B122,,,Pierre Barthes,,,FRA,26.012,M294,,,Barry MacKay,,,USA,32.049,6-4 6-4,3,R16,,,,,,,,,,,,,,,,,,,,,,,
1967-johannesburg-pro,Johannesburg Pro,Hard,16,P,19670918,2,H132,,,Lew Hoad,,,AUS,32.819,D139,,,Keith Diepraam,,,RSA,25.018,9-7 6-2,3,R16,,,,,,,,,,,,,,,,,,,,,,,
1967-johannesburg-pro,Johannesburg Pro,Hard,16,P,19670918,3,L058,,,Rod Laver,,,AUS,29.109,B122,,,Pierre Barthes,,,FRA,26.012,8-6 6-2,3,QF,,,,,,,,,,,,,,,,,,,,,,,
1967-johannesburg-pro,Johannesburg Pro,Hard,16,P,19670918,4,B228,,,Earl Buchholz,,,USA,27.003,S129,,,Fred Stolle,,,AUS,28.945,3-6 9-7 6-3,3,QF,,,,,,,,,,,,,,,,,,,,,,,
1967-johannesburg-pro,Johannesburg Pro,Hard,16,P,19670918,5,R075,,,Ken Rosewall,,,AUS,32.876,H132,,,Lew Hoad,,,AUS,32.819,6-1 6-2,3,QF,,,,,,,,,,,,,,,,,,,,,,,
1967-johannesburg-pro,Johannesburg Pro,Hard,16,P,19670918,6,G075,,,Andres Gimeno,,,ESP,30.125,D133,,,Mike Davies,,,GBR,31.691,6-4 7-5,3,QF,,,,,,,,,,,,,,,,,,,,,,,
1967-johannesburg-pro,Johannesburg Pro,Hard,16,P,19670918,7,L058,,,Rod Laver,,,AUS,29.109,B228,,,Earl Buchholz,,,USA,27.003,6-2 6-4,3,SF,,,,,,,,,,,,,,,,,,,,,,,
1967-johannesburg-pro,Johannesburg Pro,Hard,16,P,19670918,8,G075,,,Andres Gimeno,,,ESP,30.125,R075,,,Ken Rosewall,,,AUS,32.876,6-3 4-6 6-3,3,SF,,,,,,,,,,,,,,,,,,,,,,,
1967-johannesburg-pro,Johannesburg Pro,Hard,16,P,19670918,9,L058,,,Rod Laver,,,AUS,29.109,G075,,,Andres Gimeno,,,ESP,30.125,6-1 8-6,3,F,,,,,,,,,,,,,,,,,,,,,,,
1967-johannesburg-pro,Johannesburg Pro,Hard,16,P,19670918,10,R075,,,Ken Rosewall,,,AUS,32.876,B228,,,Earl Buchholz,,,USA,27.003,8-3 6-4,3,3P,,,,,,,,,,,,,,,,,,,,,,,
1967-fresno-pro,Fresno Pro,Clay,32,P,19670925,1,,,,P. Wilkins,,,,,BO34,,,W. Beale,,,USA,,8-3,3,R32,,,,,,,,,,,,,,,,,,,,,,,
1967-fresno-pro,Fresno Pro,Clay,32,P,19670925,2,K147,,,H. Kamakana,,,USA,,,,,K. Walts,,,,,8-3,3,R32,,,,,,,,,,,,,,,,,,,,,,,
1967-fresno-pro,Fresno Pro,Clay,32,P,19670925,3,,,,T. Chivington,,,,,,,,F. Earle,,,,,8-2,3,R32,,,,,,,,,,,,,,,,,,,,,,,
1967-fresno-pro,Fresno Pro,Clay,32,P,19670925,4,R064,,,Dennis Ralston,,,USA,25.164,,,,P. Wilkins,,,,,8-3,3,R16,,,,,,,,,,,,,,,,,,,,,,,
1967-fresno-pro,Fresno Pro,Clay,32,P,19670925,5,K147,,,H. Kamakana,,,USA,,K613,,,D. Kierbow,,,USA,,8-0,3,R16,,,,,,,,,,,,,,,,,,,,,,,
1967-fresno-pro,Fresno Pro,Clay,32,P,19670925,6,D138,,,J. DeWitts,,,USA,,,,,S. Smith,,,,,8-3,3,R16,,,,,,,,,,,,,,,,,,,,,,,
1967-fresno-pro,Fresno Pro,Clay,32,P,19670925,7,C184,,,I. Crookenden,,,NZL,23.792,,,,R. Gould,,,,,8-4,3,R16,,,,,,,,,,,,,,,,,,,,,,,
1967-fresno-pro,Fresno Pro,Clay,32,P,19670925,8,HD11,,,L. Huebner,,,USA,36.383,,,,T. Chivington,,,,,8-4,3,R16,,,,,,,,,,,,,,,,,,,,,,,
1967-fresno-pro,Fresno Pro,Clay,32,P,19670925,9,SS51,,,H. Stewart,,,USA,39.337,,,,L. Collas,,,,,8-4,3,R16,,,,,,,,,,,,,,,,,,,,,,,
1967-fresno-pro,Fresno Pro,Clay,32,P,19670925,10,E901,,,C. Eltzholtz,,,USA,,,,,K. Merrick,,,,,8-0,3,R16,,,,,,,,,,,,,,,,,,,,,,,
1967-fresno-pro,Fresno Pro,Clay,32,P,19670925,11,O042,,,Alex Olmedo,,,PER,31.504,,,,D. Hamilton,,,,,8-1,3,R16,,,,,,,,,,,,,,,,,,,,,,,
1967-fresno-pro,Fresno Pro,Clay,32,P,19670925,12,R064,,,Dennis Ralston,,,USA,25.164,K147,,,H. Kamakana,,,USA,,8-2,3,QF,,,,,,,,,,,,,,,,,,,,,,,
1967-fresno-pro,Fresno Pro,Clay,32,P,19670925,13,C184,,,I. Crookenden,,,NZL,23.792,D138,,,J. DeWitts,,,USA,,8-4,3,QF,,,,,,,,,,,,,,,,,,,,,,,
1967-fresno-pro,Fresno Pro,Clay,32,P,19670925,14,HD11,,,L. Huebner,,,USA,36.383,SS51,,,H. Stewart,,,USA,39.337,9-7,3,QF,,,,,,,,,,,,,,,,,,,,,,,
1967-fresno-pro,Fresno Pro,Clay,32,P,19670925,15,O042,,,Alex Olmedo,,,PER,31.504,E901,,,C. Eltzholtz,,,USA,,8-1,3,QF,,,,,,,,,,,,,,,,,,,,,,,
1967-fresno-pro,Fresno Pro,Clay,32,P,19670925,16,R064,,,Dennis Ralston,,,USA,25.164,C184,,,I. Crookenden,,,NZL,23.792,8-2,3,SF,,,,,,,,,,,,,,,,,,,,,,,
1967-fresno-pro,Fresno Pro,Clay,32,P,19670925,17,O042,,,Alex Olmedo,,,PER,31.504,HD11,,,L. Huebner,,,USA,36.383,8-6,3,SF,,,,,,,,,,,,,,,,,,,,,,,
1967-fresno-pro,Fresno Pro,Clay,32,P,19670925,18,R064,,,Dennis Ralston,,,USA,25.164,O042,,,Alex Olmedo,,,PER,31.504,7-5 6-2,3,F,,,,,,,,,,,,,,,,,,,,,,,
1967-fresno-pro,Fresno Pro,Clay,32,P,19670925,19,C184,,,I. Crookenden,,,NZL,23.792,HD11,,,L. Huebner,,,USA,36.383,6-1 6-1,3,3P,,,,,,,,,,,,,,,,,,,,,,,
1967-barcelona-pro,Barcelona Pro,Carpet,4,P,19671002,1,G075,,,Andres Gimeno,,,ESP,30.163,B122,,,Pierre Barthes,,,FRA,26.051,3-6 6-3 6-4,3,SF,,,,,,,,,,,,,,,,,,,,,,,
1967-barcelona-pro,Barcelona Pro,Carpet,4,P,19671002,2,R075,,,Ken Rosewall,,,AUS,32.914,S129,,,Fred Stolle,,,AUS,28.983,9-11 6-4 6-2,3,SF,,,,,,,,,,,,,,,,,,,,,,,
1967-barcelona-pro,Barcelona Pro,Carpet,4,P,19671002,3,G075,,,Andres Gimeno,,,ESP,30.163,R075,,,Ken Rosewall,,,AUS,32.914,6-3 6-4,3,F,,,,,,,,,,,,,,,,,,,,,,,
1967-barcelona-pro,Barcelona Pro,Carpet,4,P,19671002,4,S129,,,Fred Stolle,,,AUS,28.983,B122,,,Pierre Barthes,,,FRA,26.051,6-4 6-4,3,3P,,,,,,,,,,,,,,,,,,,,,,,
1967-marseille-pro-ii,Marseille Pro II,Carpet,8,P,19671002,1,S129,,,Fred Stolle,,,AUS,28.983,M294,,,Barry MacKay,,,USA,32.088,3-6 6-4 11-9,3,QF,,,,,,,,,,,,,,,,,,,,,,,
1967-marseille-pro-ii,Marseille Pro II,Carpet,8,P,19671002,2,B122,,,Pierre Barthes,,,FRA,26.051,D133,,,Mike Davies,,,GBR,31.729,6-3 6-2,3,QF,,,,,,,,,,,,,,,,,,,,,,,
1967-marseille-pro-ii,Marseille Pro II,Carpet,8,P,19671002,3,S129,,,Fred Stolle,,,AUS,28.983,G075,,,Andres Gimeno,,,ESP,30.163,6-3 3-6 6-4,3,SF,,,,,,,,,,,,,,,,,,,,,,,
1967-marseille-pro-ii,Marseille Pro II,Carpet,8,P,19671002,4,B122,,,Pierre Barthes,,,FRA,26.051,R075,,,Ken Rosewall,,,AUS,32.914,6-1 9-7,3,SF,,,,,,,,,,,,,,,,,,,,,,,
1967-marseille-pro-ii,Marseille Pro II,Carpet,8,P,19671002,5,B122,,,Pierre Barthes,,,FRA,26.051,S129,,,Fred Stolle,,,AUS,28.983,2-6 9-7 11-9,3,F,,,,,,,,,,,,,,,,,,,,,,,
1967-marseille-pro-ii,Marseille Pro II,Carpet,8,P,19671002,6,G075,,,Andres Gimeno,,,ESP,30.163,R075,,,Ken Rosewall,,,AUS,32.914,11-9 6-3,3,3P,,,,,,,,,,,,,,,,,,,,,,,
1967-french-pro-stade-coubertin,French Pro,Carpet,16,P,19671009,1,G075,,,Andres Gimeno,,,ESP,30.182,H131,,,Robert Haillet,,,FRA,36.036,7-5 6-1 6-2,3,R16,,,,,,,,,,,,,,,,,,,,,,,
1967-french-pro-stade-coubertin,French Pro,Carpet,16,P,19671009,2,H132,,,Lew Hoad,,,AUS,32.876,B122,,,Pierre Barthes,,,FRA,26.070,4-6 4-6 6-4 6-4 9-7,5,R16,,,,,,,,,,,,,,,,,,,,,,,
1967-french-pro-stade-coubertin,French Pro,Carpet,16,P,19671009,3,S129,,,Fred Stolle,,,AUS,29.002,M257,,,Jean-Claude Molinari,,,FRA,36.115,6-0 6-4 8-6,3,R16,,,,,,,,,,,,,,,,,,,,,,,
1967-french-pro-stade-coubertin,French Pro,Carpet,16,P,19671009,4,B228,,,Earl Buchholz,,,USA,27.061,R064,,,Dennis Ralston,,,USA,25.202,6-4 6-4 6-2,3,R16,,,,,,,,,,,,,,,,,,,,,,,
1967-french-pro-stade-coubertin,French Pro,Carpet,16,P,19671009,5,R075,,,Ken Rosewall,,,AUS,32.934,D133,,,Mike Davies,,,GBR,31.748,6-2 6-1 7-5,3,QF,,,,,,,,,,,,,,,,,,,,,,,
1967-french-pro-stade-coubertin,French Pro,Carpet,16,P,19671009,6,G075,,,Andres Gimeno,,,ESP,30.182,H132,,,Lew Hoad,,,AUS,32.876,6-1 2-6 6-3 8-6,5,QF,,,,,,,,,,,,,,,,,,,,,,,
1967-french-pro-stade-coubertin,French Pro,Carpet,16,P,19671009,7,S129,,,Fred Stolle,,,AUS,29.002,B228,,,Earl Buchholz,,,USA,27.061,8-6 11-9 6-1,3,QF,,,,,,,,,,,,,,,,,,,,,,,
1967-french-pro-stade-coubertin,French Pro,Carpet,16,P,19671009,8,L058,,,Rod Laver,,,AUS,29.166,M294,,,Barry MacKay,,,USA,32.107,6-2 3-6 6-4 6-4,5,QF,,,,,,,,,,,,,,,,,,,,,,,
1967-french-pro-stade-coubertin,French Pro,Carpet,16,P,19671009,9,G075,,,Andres Gimeno,,,ESP,30.182,R075,,,Ken Rosewall,,,AUS,32.934,6-2 6-3 6-4,3,SF,,,,,,,,,,,,,,,,,,,,,,,
1967-french-pro-stade-coubertin,French Pro,Carpet,16,P,19671009,10,L058,,,Rod Laver,,,AUS,29.166,S129,,,Fred Stolle,,,AUS,29.002,4-6 6-3 6-4 6-4,5,SF,,,,,,,,,,,,,,,,,,,,,,,
1967-french-pro-stade-coubertin,French Pro,Carpet,16,P,19671009,11,L058,,,Rod Laver,,,AUS,29.166,G075,,,Andres Gimeno,,,ESP,30.182,6-4 8-6 4-6 6-2,5,F,,,,,,,,,,,,,,,,,,,,,,,
1967-prague-pro,Prague Pro,Carpet,4,P,19671016,1,R064,,,Dennis Ralston,,,USA,25.221,S129,,,Fred Stolle,,,AUS,29.021,6-4 10-8,3,SF,,,,,,,,,,,,,,,,,,,,,,,
1967-prague-pro,Prague Pro,Carpet,4,P,19671016,2,L058,,,Rod Laver,,,AUS,29.185,B228,,,Earl Buchholz,,,USA,27.080,7-5 3-6 6-1,3,SF,,,,,,,,,,,,,,,,,,,,,,,
1967-prague-pro,Prague Pro,Carpet,4,P,19671016,3,R064,,,Dennis Ralston,,,USA,25.221,L058,,,Rod Laver,,,AUS,29.185,7-5 6-1,3,F,,,,,,,,,,,,,,,,,,,,,,,
1967-prague-pro,Prague Pro,Carpet,4,P,19671016,4,B228,,,Earl Buchholz,,,USA,27.080,S129,,,Fred Stolle,,,AUS,29.021,6-4 7-5,3,3P,,,,,,,,,,,,,,,,,,,,,,,
1967-wembley-pro,Wembley Pro,Carpet,16,P,19671023,1,R064,,,Dennis Ralston,,,USA,25.240,S129,,,Fred Stolle,,,AUS,29.040,6-1 1-6 10-8,3,R16,,,,,,,,,,,,,,,,,,,,,,,
1967-wembley-pro,Wembley Pro,Carpet,16,P,19671023,2,D054,,,Owen Davidson,,,AUS,24.052,D133,,,Mike Davies,,,GBR,31.786,6-3 6-3,3,R16,,,,,,,,,,,,,,,,,,,,,,,
1967-wembley-pro,Wembley Pro,Carpet,16,P,19671023,3,B228,,,Earl Buchholz,,,USA,27.099,H132,,,Lew Hoad,,,AUS,32.914,4-6 6-4 6-2,3,R16,,,,,,,,,,,,,,,,,,,,,,,
1967-wembley-pro,Wembley Pro,Carpet,16,P,19671023,4,G075,,,Andres Gimeno,,,ESP,30.220,B122,,,Pierre Barthes,,,FRA,26.108,3-6 6-4 10-8,3,R16,,,,,,,,,,,,,,,,,,,,,,,
1967-abidjan-pro,Abidjan Pro,Hard,4,P,19671106,1,L058,,,Rod Laver,,,AUS,29.243,M294,,,Barry MacKay,,,USA,32.183,,3,SF,,,,,,,,,,,,,,,,,,,,,,,
1967-abidjan-pro,Abidjan Pro,Hard,4,P,19671106,2,G075,,,Andres Gimeno,,,ESP,30.259,B122,,,Pierre Barthes,,,FRA,26.146,,3,SF,,,,,,,,,,,,,,,,,,,,,,,
1967-abidjan-pro,Abidjan Pro,Hard,4,P,19671106,3,L058,,,Rod Laver,,,AUS,29.243,G075,,,Andres Gimeno,,,ESP,30.259,2-6 8-6 6-3,3,F,,,,,,,,,,,,,,,,,,,,,,,
1967-abidjan-pro,Abidjan Pro,Hard,4,P,19671106,4,B122,,,Pierre Barthes,,,FRA,26.146,M294,,,Barry MacKay,,,USA,32.183,6-1 6-3,3,3P,,,,,,,,,,,,,,,,,,,,,,,
1967-dakar-pro,Dakar Pro,Hard,4,P,19671106,1,G075,,,Andres Gimeno,,,ESP,30.259,B122,,,Pierre Barthes,,,FRA,26.146,6-8 6-1 6-2,3,SF,,,,,,,,,,,,,,,,,,,,,,,
1967-dakar-pro,Dakar Pro,Hard,4,P,19671106,2,L058,,,Rod Laver,,,AUS,29.243,M294,,,Barry MacKay,,,USA,32.183,6-2 6-1,3,SF,,,,,,,,,,,,,,,,,,,,,,,
1967-dakar-pro,Dakar Pro,Hard,4,P,19671106,3,G075,,,Andres Gimeno,,,ESP,30.259,L058,,,Rod Laver,,,AUS,29.243,7-5 1-6 6-3,3,F,,,,,,,,,,,,,,,,,,,,,,,
1967-dakar-pro,Dakar Pro,Hard,4,P,19671106,4,B122,,,Pierre Barthes,,,FRA,26.146,M294,,,Barry MacKay,,,USA,32.183,6-4 0-6 6-2,3,3P,,,,,,,,,,,,,,,,,,,,,,,
1967-belfast-pro,Belfast Pro,Carpet,4,P,19671120,1,R075,,,Ken Rosewall,,,AUS,33.049,B122,,,Pierre Barthes,,,FRA,26.185,6-4 7-5,3,SF,,,,,,,,,,,,,,,,,,,,,,,
1967-belfast-pro,Belfast Pro,Carpet,4,P,19671120,2,H132,,,Lew Hoad,,,AUS,32.991,G075,,,Andres Gimeno,,,ESP,30.297,4-6 6-3 8-6,3,SF,,,,,,,,,,,,,,,,,,,,,,,
1967-belfast-pro,Belfast Pro,Carpet,4,P,19671120,3,R075,,,Ken Rosewall,,,AUS,33.049,H132,,,Lew Hoad,,,AUS,32.991,3-6 6-2 7-5,3,F,,,,,,,,,,,,,,,,,,,,,,,
1967-belfast-pro,Belfast Pro,Carpet,4,P,19671120,4,G075,,,Andres Gimeno,,,ESP,30.297,B122,,,Pierre Barthes,,,FRA,26.185,6-4 6-2,3,3P,,,,,,,,,,,,,,,,,,,,,,,
