tourney_id,tourney_name,surface,draw_size,tourney_level,indoor,tourney_date,match_num,winner_id,winner_seed,winner_entry,winner_name,winner_hand,winner_ht,winner_ioc,winner_age,winner_rank,winner_rank_points,loser_id,loser_seed,loser_entry,loser_name,loser_hand,loser_ht,loser_ioc,loser_age,loser_rank,loser_rank_points,score,best_of,round,minutes,w_ace,w_df,w_svpt,w_1stIn,w_1stWon,w_2ndWon,w_SvGms,w_bpSaved,w_bpFaced,l_ace,l_df,l_svpt,l_1stIn,l_1stWon,l_2ndWon,l_SvGms,l_bpSaved,l_bpFaced
2026-2935,Bonn,Clay,32,C,O,20260727,1,CH12,1,,Jan Choinski,R,196,GBR,30.127,88,707,P0CT,,,Francesco Passaro,R,180,ITA,25.55,220,258,6-3 6-4,3,R32,73,5,2,53,35,29,13,10,1,1,2,4,52,32,24,10,9,6,8
2026-2935,Bonn,Clay,32,C,O,20260727,2,R09X,3,,Jurij Rodionov,L,191,AUT,27.198,136,458,B0FI,,,Pedro Boscardin Dias,R,180,BRA,23.493,256,217,6-3 6-4,3,R32,84,5,2,60,37,27,14,10,0,1,3,4,61,33,24,11,9,6,9
2026-2935,Bonn,Clay,32,C,O,20260727,3,M19T,,,Jamie Mackenzie,R,180,GER,18.53,931,24,G0CV,,,Buvaysar Gadamauri,R,180,BEL,26.045,251,219,7-6(4) 6-2,3,R32,81,5,2,53,34,29,14,10,1,2,5,1,71,49,32,11,10,6,9
2026-2935,Bonn,Clay,32,C,O,20260727,4,R0ED,,,Max Hans Rehberg,R,183,GER,22.869,339,152,TA12,2,,Stefano Travaglia,R,185,ITA,34.579,142,429,6-3 6-1,3,R32,61,0,1,45,37,28,5,8,0,0,1,2,44,24,16,8,8,4,8
2026-2935,Bonn,Clay,32,C,O,20260727,5,S0AK,,,Henri Squire,R,196,GER,25.829,214,263,T09X,4,,Clement Tabur,R,173,FRA,26.505,159,353,4-6 6-4 6-4,3,R32,140,6,12,92,58,39,14,15,6,10,2,2,94,56,30,23,15,5,10
2026-2935,Bonn,Clay,32,C,O,20260727,6,CF59,5,,Roberto Carballes Baena,R,183,ESP,33.344,176,323,H0CX,,,Max Houkes,L,188,NED,26.064,241,230,6-4 3-6 6-2,3,R32,124,2,7,88,56,43,14,14,2,5,5,1,76,53,32,13,13,2,6
2026-2935,Bonn,Clay,32,C,O,20260727,7,G0IB,6,,Tom Gentzsch,R,191,GER,22.891,186,310,R0A7,,,Joao Lucas Reis Da Silva,R,178,BRA,26.335,259,214,6-3 6-3,3,R32,84,7,5,57,37,31,8,9,1,1,1,1,68,36,22,15,9,2,5
2026-2935,Bonn,Clay,32,C,O,20260727,8,M0K4,7,,Elmer Moller,R,183,DEN,23.05,190,302,T0FI,,,Marko Topo,R,185,GER,22.869,348,147,6-4 7-5,3,R32,99,0,8,64,39,26,12,11,3,6,3,2,67,38,20,14,11,1,6
2026-2935,Bonn,Clay,32,C,O,20260727,9,GJ16,8,,Federico Agustin Gomez,R,191,ARG,29.665,191,298,S0VU,,,Max Schoenhaus,R,180,GER,18.987,310,172,6-4 6-2,3,R32,74,6,0,51,40,33,6,9,4,4,3,4,64,35,20,14,9,3,6
2026-2935,Bonn,Clay,32,C,O,20260727,10,B0GY,,,Alex Barrena,R,175,ARG,23.795,264,211,N830,,,Johan Nikles,R,173,SUI,29.344,412,115,3-6 6-3 6-3,3,R32,139,1,1,92,57,35,23,13,6,8,0,2,93,55,37,17,14,5,9
2026-2935,Bonn,Clay,32,C,O,20260727,11,D0I5,,,Max Dahlin,R,188,SWE,20.58,1378,6,MW76,,,Matteo Martineau,R,183,FRA,27.526,280,195,6-4 7-5,3,R32,82,4,2,54,31,28,13,11,0,1,1,5,66,43,32,7,11,2,5
2026-2935,Bonn,Clay,32,C,O,20260727,12,GE33,,,Daniel Elahi Galan,R,191,COL,30.105,290,187,K09F,,,Pavel Kotov,R,191,RUS,27.688,243,226,6-4 6-4,3,R32,85,7,1,52,37,31,10,10,1,1,5,1,55,24,19,15,10,0,2
2026-2935,Bonn,Clay,32,C,O,20260727,13,M0XQ,,,Niels McDonald,R,191,GER,18.5,509,86,S0S9,,,Dimitris Sakellaridis,R,0,GRE,20.241,567,70,6-3 7-6(4),3,R32,98,2,5,62,36,28,13,10,3,5,3,4,73,39,26,15,11,3,7
2026-2935,Bonn,Clay,32,C,O,20260727,14,P0HY,,,Samuele Pieri,R,183,ITA,24.408,400,121,B0QC,,,Gilles Arnaud Bailly,R,180,BEL,20.851,230,245,6-2 6-3,3,R32,92,2,2,49,25,22,16,9,1,1,0,3,60,32,22,11,8,8,11
2026-2935,Bonn,Clay,32,C,O,20260727,15,P0DF,,,Matheus Pucinelli De Almeida,R,183,BRA,25.32,297,183,D0H9,,,Guy Den Ouden,R,183,NED,24.301,195,293,6-3 6-3,3,R32,101,2,1,65,36,26,19,9,5,5,0,2,61,34,19,17,9,3,6
2026-2935,Bonn,Clay,32,C,O,20260727,16,W0BU,,,Olle Wallin,R,191,SWE,24.761,386,128,GA79,,,Lorenzo Giustino,R,180,ITA,34.877,201,283,3-6 6-3 6-2,3,R32,112,5,5,71,43,39,11,13,4,6,10,7,85,43,32,17,13,4,8
2026-2935,Bonn,Clay,32,C,O,20260727,17,CH12,1,,Jan Choinski,R,196,GBR,30.127,88,707,B0GY,,,Alex Barrena,R,175,ARG,23.795,264,211,6-3 6-2,3,R16,87,5,1,50,34,28,8,9,2,3,2,2,71,43,23,12,8,4,8
2026-2935,Bonn,Clay,32,C,O,20260727,18,R09X,3,,Jurij Rodionov,L,191,AUT,27.198,136,458,M0XQ,,,Niels McDonald,R,191,GER,18.5,509,86,7-6(3) 6-3,3,R16,107,6,4,67,34,26,17,10,6,8,3,6,78,46,29,13,11,4,8
2026-2935,Bonn,Clay,32,C,O,20260727,19,W0BU,,,Olle Wallin,R,191,SWE,24.761,386,128,CF59,5,,Roberto Carballes Baena,R,183,ESP,33.344,176,323,6-3 1-6 6-1,3,R16,107,12,3,76,42,32,15,12,4,7,4,4,75,52,34,9,11,6,10
2026-2935,Bonn,Clay,32,C,O,20260727,20,M19T,,,Jamie Mackenzie,R,180,GER,18.53,931,24,M0K4,7,,Elmer Moller,R,183,DEN,23.05,190,302,6-1 1-6 6-3,3,R16,103,7,3,73,40,31,15,12,6,9,2,3,69,47,27,12,11,2,6
2026-2935,Bonn,Clay,32,C,O,20260727,21,GE33,,,Daniel Elahi Galan,R,191,COL,30.105,290,187,R0ED,,,Max Hans Rehberg,R,183,GER,22.869,339,152,4-6 7-6(3) 7-6(4),3,R16,168,5,3,116,74,55,20,17,4,6,2,1,114,81,54,22,17,5,6
2026-2935,Bonn,Clay,32,C,O,20260727,22,D0I5,,,Max Dahlin,R,188,SWE,20.58,1378,6,G0IB,6,,Tom Gentzsch,R,191,GER,22.891,186,310,6-4 3-6 7-6(8),3,R16,135,4,4,112,68,43,26,15,5,8,7,9,103,64,49,18,16,7,10
2026-2935,Bonn,Clay,32,C,O,20260727,23,GJ16,8,,Federico Agustin Gomez,R,191,ARG,29.665,191,298,P0HY,,,Samuele Pieri,R,183,ITA,24.408,400,121,6-3 6-3,3,R16,79,2,3,50,31,23,13,9,0,0,1,2,53,28,18,13,9,0,3
2026-2935,Bonn,Clay,32,C,O,20260727,24,P0DF,,,Matheus Pucinelli De Almeida,R,183,BRA,25.32,297,183,S0AK,,,Henri Squire,R,196,GER,25.829,214,263,6-2 7-6(5),3,R16,120,1,1,81,52,32,14,10,9,12,0,10,72,46,24,10,10,6,11
2026-2935,Bonn,Clay,32,C,O,20260727,25,CH12,1,,Jan Choinski,R,196,GBR,30.127,88,707,W0BU,,,Olle Wallin,R,191,SWE,24.761,386,128,6-4 7-5,3,QF,99,10,2,77,43,35,17,11,4,4,7,1,81,46,30,18,11,11,13
2026-2935,Bonn,Clay,32,C,O,20260727,26,M19T,,,Jamie Mackenzie,R,180,GER,18.53,931,24,R09X,3,,Jurij Rodionov,L,191,AUT,27.198,136,458,7-6(5) 6-4,3,QF,106,5,5,81,54,38,12,11,3,5,9,2,68,37,26,16,11,2,5
2026-2935,Bonn,Clay,32,C,O,20260727,27,GJ16,8,,Federico Agustin Gomez,R,191,ARG,29.665,191,298,P0DF,,,Matheus Pucinelli De Almeida,R,183,BRA,25.32,297,183,7-6(4) 2-6 7-5,3,QF,169,4,4,116,75,51,16,16,2,7,5,3,93,63,45,16,16,8,12
2026-2935,Bonn,Clay,32,C,O,20260727,28,D0I5,,,Max Dahlin,R,188,SWE,20.58,1378,6,GE33,,,Daniel Elahi Galan,R,191,COL,30.105,290,187,7-6(2) 3-6 7-5,3,QF,138,19,3,93,61,51,18,16,0,1,8,0,117,72,52,28,17,6,7
2026-3167,Samsun,Hard,32,C,O,20260727,1,KC33,7,,Dimitar Kuzmanov,R,183,BUL,32.997,375,131,B0GI,,,Alexander Binda,R,180,ITA,24.843,479,93,7-5 6-4,3,R32,106,3,2,61,38,25,14,11,6,9,2,5,79,50,27,12,11,9,14
2026-3167,Samsun,Hard,32,C,O,20260727,2,A829,,,Radu Albot,R,175,MDA,36.706,519,83,HG94,,,Benjamin Hassan,R,183,LBN,31.474,506,87,6-3 6-4,3,R32,74,3,1,57,33,22,19,10,1,1,4,7,71,38,25,17,9,6,8
2026-3167,Samsun,Hard,32,C,O,20260727,3,D0HD,,,Gabriel Debru,R,193,FRA,20.597,,,B0C0,,,Adrian Boitan,R,185,ROU,27.044,429,109,4-6 6-2 6-2,3,R32,111,9,7,69,47,39,8,13,2,4,1,9,81,45,31,14,13,8,13
2026-3167,Samsun,Hard,32,C,O,20260727,4,M0SB,,,Koki Matsuda,R,183,JPN,25.736,514,85,S0RI,,,Karan Singh,R,185,IND,23.075,554,73,6-4 6-4,3,R32,97,4,2,70,39,28,18,10,8,8,3,3,73,46,29,17,10,5,7
2026-3167,Samsun,Hard,32,C,O,20260727,5,A09T,1,,Dan Added,R,183,FRA,27.288,224,251,PJ74,,,Lucas Poullain,R,175,FRA,30.642,439,105,7-5 2-6 6-2,3,R32,161,7,4,88,41,30,18,14,9,15,0,5,99,57,31,19,14,9,16
2026-3167,Samsun,Hard,32,C,O,20260727,6,B0BU,2,,Florent Bax,R,185,FRA,27.113,247,222,K0DE,,,Takuya Kumasaka,R,175,JPN,27.789,523,82,7-6(3) 6-3,3,R32,138,6,4,86,39,28,25,10,9,10,2,6,74,46,29,16,11,5,8
2026-3167,Samsun,Hard,32,C,O,20260727,7,B0JE,3,,Max Basing,R,180,GBR,23.817,257,216,RB86,,,Sidharth Rawat,R,175,IND,33.265,540,78,6-3 6-1,3,R32,93,3,4,57,31,23,17,8,3,3,0,3,67,27,16,18,8,6,10
2026-3167,Samsun,Hard,32,C,O,20260727,8,E0AA,4,,Yanki Erel,L,178,TUR,25.834,287,189,A0DV,,,Arda Azkara,,,TUR,23.37,808,35,6-4 6-4,3,R32,94,7,2,57,30,25,17,10,1,1,4,2,67,33,22,18,10,5,7
2026-3167,Samsun,Hard,32,C,O,20260727,9,SQ79,,,Colin Sinclair,R,188,NMI,31.603,511,86,A09Q,5,,Mert Alkaya,R,178,TUR,26.116,298,183,0-6 7-5 6-4,3,R32,125,4,6,79,43,34,15,14,6,10,10,5,97,49,31,26,14,3,6
2026-3167,Samsun,Hard,32,C,O,20260727,10,D0JI,6,,Manas Dhamne,R,183,IND,18.576,372,131,KI91,,,Koray Kirci,R,185,TUR,27.943,1241,9,6-3 6-1,3,R32,59,2,2,52,31,24,12,8,4,4,1,0,44,34,17,5,8,3,7
2026-3167,Samsun,Hard,32,C,O,20260727,11,U176,8,,Vadym Ursu,R,183,UKR,29.566,416,114,TD49,,,Mert Naci Turker,,,,27.945,790,37,6-2 6-3,3,R32,84,2,7,67,35,26,13,9,7,9,2,1,57,34,18,7,8,5,10
2026-3167,Samsun,Hard,32,C,O,20260727,12,BU53,,,Constantin Bittoun Kouzmine,L,178,FRA,27.559,507,87,I306,,,Cem Ilkel,R,185,TUR,30.932,,,6-3 6-2,3,R32,95,3,3,67,39,28,17,9,4,4,5,3,50,28,18,10,8,4,7
2026-3167,Samsun,Hard,32,C,O,20260727,13,I0B6,,,Paul Inchauspe,R,196,FRA,22.418,679,50,KI48,,,Ergi Kirkin,R,180,TUR,27.496,595,64,6-4 7-6(3),3,R32,113,10,4,79,49,37,16,11,5,6,6,4,67,31,25,19,11,1,3
2026-3167,Samsun,Hard,32,C,O,20260727,14,M0RX,,,Kenta Miyoshi,R,185,JPN,22.363,602,63,N0CT,,,Shunsuke Nakagawa,R,173,JPN,26.387,993,20,6-2 6-2,3,R32,71,6,2,47,27,20,14,8,4,4,2,3,62,41,26,6,8,6,10
2026-3167,Samsun,Hard,32,C,O,20260727,15,P0KA,,,Semen Pankin,R,183,RUS,26.894,424,111,T0FL,,,Togan Tokac,R,,TUR,,1905,1,6-3 6-3,3,R32,82,4,5,60,38,27,13,9,6,7,2,4,53,29,19,9,9,2,6
2026-3167,Samsun,Hard,32,C,O,20260727,16,Y171,,,Denis Yevseyev,R,188,KAZ,33.18,441,105,D0IO,,,Tuncay Duran,R,191,TUR,22.149,644,55,6-7(5) 6-1 6-3,3,R32,122,2,3,89,65,37,12,14,1,5,3,8,98,53,32,14,14,4,12
2026-3167,Samsun,Hard,32,C,O,20260727,17,D0HD,,,Gabriel Debru,R,193,FRA,20.597,,,B0BU,2,,Florent Bax,R,185,FRA,27.113,247,222,6-4 3-6 6-2,3,R16,129,2,6,87,61,43,11,13,5,8,1,2,92,61,41,13,14,4,9
2026-3167,Samsun,Hard,32,C,O,20260727,18,E0AA,4,,Yanki Erel,L,178,TUR,25.834,287,189,A829,,,Radu Albot,R,175,MDA,36.706,519,83,6-1 6-7(5) 6-4,3,R16,140,5,2,97,68,50,15,14,4,5,3,6,112,73,49,17,15,10,15
2026-3167,Samsun,Hard,32,C,O,20260727,19,I0B6,,,Paul Inchauspe,R,196,FRA,22.418,679,50,KC33,7,,Dimitar Kuzmanov,R,183,BUL,32.997,375,131,1-6 7-6(4) 6-0,3,R16,126,3,0,80,46,33,19,12,2,4,7,7,85,50,33,22,13,8,11
2026-3167,Samsun,Hard,32,C,O,20260727,20,M0SB,,,Koki Matsuda,R,183,JPN,25.736,514,85,SQ79,,,Colin Sinclair,R,188,NMI,31.603,511,86,6-3 6-3,3,R16,84,3,2,66,45,30,10,9,5,7,5,6,76,47,27,11,9,6,11
2026-3167,Samsun,Hard,32,C,O,20260727,21,M0RX,,,Kenta Miyoshi,R,185,JPN,22.363,602,63,A09T,1,,Dan Added,R,183,FRA,27.288,224,251,3-6 6-3 6-4,3,R16,129,8,0,87,44,34,20,14,4,7,6,5,92,47,31,23,14,6,10
2026-3167,Samsun,Hard,32,C,O,20260727,22,BU53,,,Constantin Bittoun Kouzmine,L,178,FRA,27.559,507,87,B0JE,3,,Max Basing,R,180,GBR,23.817,257,216,0-6 7-6(7) 6-2,3,R16,152,3,2,100,59,37,22,13,10,14,2,7,88,55,40,17,13,4,7
2026-3167,Samsun,Hard,32,C,O,20260727,23,D0JI,6,,Manas Dhamne,R,183,IND,18.576,372,131,P0KA,,,Semen Pankin,R,183,RUS,26.894,424,111,6-2 1-6 7-5,3,R16,127,0,1,67,36,23,18,13,2,6,5,4,85,42,27,18,14,4,9
2026-3167,Samsun,Hard,32,C,O,20260727,24,U176,8,,Vadym Ursu,R,183,UKR,29.566,416,114,Y171,,,Denis Yevseyev,R,188,KAZ,33.18,441,105,4-6 6-3 6-3,3,R16,111,4,9,106,62,43,21,14,11,13,1,5,82,56,40,7,14,2,6
2026-3167,Samsun,Hard,32,C,O,20260727,25,M0RX,,,Kenta Miyoshi,R,185,JPN,22.363,602,63,U176,8,,Vadym Ursu,R,183,UKR,29.566,416,114,6-2 6-4,3,QF,62,5,0,52,30,22,12,9,1,3,0,3,44,25,13,8,9,0,5
2026-3167,Samsun,Hard,32,C,O,20260727,26,I0B6,,,Paul Inchauspe,R,196,FRA,22.418,679,50,E0AA,4,,Yanki Erel,L,178,TUR,25.834,287,189,3-6 6-3 6-4,3,QF,128,7,2,92,54,44,18,14,6,8,3,4,78,47,33,16,14,1,4
2026-3167,Samsun,Hard,32,C,O,20260727,27,BU53,,,Constantin Bittoun Kouzmine,L,178,FRA,27.559,507,87,D0JI,6,,Manas Dhamne,R,183,IND,18.576,372,131,6-4 7-5,3,QF,99,0,0,66,42,32,14,11,5,6,0,3,62,39,24,13,11,2,5
2026-3167,Samsun,Hard,32,C,O,20260727,28,D0HD,,,Gabriel Debru,R,193,FRA,20.597,,,M0SB,,,Koki Matsuda,R,183,JPN,25.736,514,85,4-6 7-6(5) 6-3,3,QF,145,6,2,103,64,48,23,16,2,4,5,3,92,60,43,19,15,3,5
2026-6795,Liberec,Clay,32,C,O,20260727,1,K0JH,,,Jan Kumstat,R,196,CZE,19.565,508,86,KH56,1,,Zdenek Kolar,R,183,CZE,29.796,154,370,6-2 4-6 6-3,3,R32,127,11,5,87,36,29,32,14,4,5,3,8,106,62,39,22,13,9,12
2026-6795,Liberec,Clay,32,C,O,20260727,2,N897,7,,Sumit Nagal,R,178,IND,28.945,246,223,M0NL,,,Inaki Montes-De La Torre,R,178,ESP,23.814,272,204,6-3 6-3,3,R32,85,0,4,49,36,24,9,9,6,8,1,9,59,33,20,9,9,5,10
2026-6795,Liberec,Clay,32,C,O,20260727,3,KC29,,,Nicolas Kicker,R,178,ARG,33.944,369,132,A0IK,,,Luciano Emanuel Ambrogi,R,188,ARG,22.686,311,171,6-2 6-4,3,R32,97,0,3,55,35,23,13,9,1,3,3,2,66,40,21,11,9,3,8
2026-6795,Liberec,Clay,32,C,O,20260727,4,B0GR,2,,Gonzalo Bueno,R,173,PER,22.313,160,353,M0O6,,,Pablo Martinez Gomez,R,193,ESP,20.381,559,71,7-6(5) 6-4,3,R32,100,0,2,60,45,35,8,11,4,6,5,3,72,37,24,16,11,4,7
2026-6795,Liberec,Clay,32,C,O,20260727,5,S0WT,3,,Joel Schwaerzler,L,188,AUT,20.496,183,315,M0SE,,,Maxim Mrva,R,178,CZE,18.984,304,179,6-3 6-4,3,R32,64,1,2,56,35,30,12,10,0,0,5,5,53,24,18,15,9,1,3
2026-6795,Liberec,Clay,32,C,O,20260727,6,F0F4,,,Kilian Feldbausch,R,191,SUI,20.884,242,229,M0G4,4,,Harold Mayot,R,180,FRA,24.474,255,217,6-3 6-7(6) 6-4,3,R32,172,1,4,123,74,49,24,15,13,16,4,1,104,59,39,18,16,2,8
2026-6795,Liberec,Clay,32,C,O,20260727,7,J0AW,5,,Guido Ivan Justo,R,178,ARG,28.608,223,253,G0GW,,,Sascha Gueymard Wayenburg,R,191,FRA,22.987,313,170,6-4 6-4,3,R32,87,2,1,61,42,28,12,10,0,2,4,7,71,35,20,18,10,7,11
2026-6795,Liberec,Clay,32,C,O,20260727,8,R0BT,6,,Franco Roncadelli,L,185,URU,26.47,225,250,N0D9,,,Jakub Nicod,R,183,CZE,22.015,675,51,6-3 6-2,3,R32,88,2,2,67,54,37,6,9,8,9,2,3,41,22,15,5,8,1,5
2026-6795,Liberec,Clay,32,C,O,20260727,9,SN54,8,,Frederico Ferreira Silva,L,178,POR,31.359,235,240,K0HC,,,Maks Kasnikowski,R,180,POL,23.058,233,241,6-1 3-6 6-3,3,R32,148,3,2,88,46,34,27,13,9,10,3,4,85,45,31,20,12,4,7
2026-6795,Liberec,Clay,32,C,O,20260727,10,A0CJ,,,Duje Ajdukovic,R,188,CRO,25.47,307,176,SR81,,,Khumoyun Sultanov,R,180,UZB,27.748,520,83,7-6(3) RET,3,R32,67,1,1,46,18,12,17,6,3,4,3,3,47,27,21,6,6,3,4
2026-6795,Liberec,Clay,32,C,O,20260727,11,B0OU,,,Hynek Barton,R,183,CZE,22.308,268,208,N0DB,,,Andrej Nedic,R,185,BIH,21.777,244,226,7-6(3) 6-2,3,R32,82,9,0,66,33,27,19,10,2,3,0,5,76,54,37,5,10,1,4
2026-6795,Liberec,Clay,32,C,O,20260727,12,B0OV,,,Petr Brunclik,L,188,CZE,20.027,340,152,R0IU,,,William Rejchtman Vinciguerra,L,178,SWE,19.458,938,24,6-2 6-4,3,R32,85,6,3,49,29,24,13,9,2,2,0,7,88,51,29,18,9,13,16
2026-6795,Liberec,Clay,32,C,O,20260727,13,GB93,,,Norbert Gombos,R,193,SVK,35.953,423,111,C0GU,,,Matyas Cerny,R,178,CZE,24.78,700,48,6-1 4-6 6-2,3,R32,105,6,4,85,57,41,14,13,6,8,0,3,70,37,23,15,12,4,9
2026-6795,Liberec,Clay,32,C,O,20260727,14,K0FY,,,Martin Krumich,R,188,CZE,23.584,261,212,H0BF,,,Philip Henning,R,180,RSA,25.708,295,184,2-6 6-4 6-2,3,R32,131,15,4,85,48,39,11,13,6,10,5,3,106,70,42,17,13,16,21
2026-6795,Liberec,Clay,32,C,O,20260727,15,SX91,,,Thiago Seyboth Wild,R,185,BRA,26.379,206,275,MF35,,,Andrej Martin,R,183,SVK,36.849,404,118,6-1 6-4,3,R32,82,1,0,55,39,29,12,9,2,2,1,4,72,38,23,15,8,5,8
2026-6795,Liberec,Clay,32,C,O,20260727,16,T0DM,,,Juan Bautista Torres,R,178,ARG,24.318,276,200,R0JW,,,Michele Ribecai,R,173,ITA,23.474,267,209,3-6 7-5 6-2,3,R32,164,1,1,92,55,35,20,14,7,11,0,6,118,68,37,25,15,13,19
2026-6795,Liberec,Clay,32,C,O,20260727,17,K0FY,,,Martin Krumich,R,188,CZE,23.584,261,212,S0WT,3,,Joel Schwaerzler,L,188,AUT,20.496,183,315,6-2 6-3,3,R16,72,5,1,38,21,21,9,8,0,1,4,7,67,33,16,16,9,6,11
2026-6795,Liberec,Clay,32,C,O,20260727,18,N897,7,,Sumit Nagal,R,178,IND,28.945,246,223,B0OV,,,Petr Brunclik,L,188,CZE,20.027,340,152,6-4 6-4,3,R16,89,1,4,62,40,28,13,10,4,5,6,7,61,35,26,10,10,8,11
2026-6795,Liberec,Clay,32,C,O,20260727,19,SN54,8,,Frederico Ferreira Silva,L,178,POR,31.359,235,240,KC29,,,Nicolas Kicker,R,178,ARG,33.944,369,132,6-2 4-6 6-1,3,R16,137,4,4,80,51,37,16,13,2,4,4,1,81,49,28,17,12,3,8
2026-6795,Liberec,Clay,32,C,O,20260727,20,K0JH,,,Jan Kumstat,R,196,CZE,19.565,508,86,SX91,,,Thiago Seyboth Wild,R,185,BRA,26.379,206,275,6-4 6-2,3,R16,67,11,3,46,25,21,15,9,0,0,6,0,50,32,22,9,9,2,5
2026-6795,Liberec,Clay,32,C,O,20260727,21,B0GR,2,,Gonzalo Bueno,R,173,PER,22.313,160,353,B0OU,,,Hynek Barton,R,183,CZE,22.308,268,208,7-5 7-5,3,R16,114,0,2,82,59,36,9,12,9,13,1,5,76,40,27,13,12,7,13
2026-6795,Liberec,Clay,32,C,O,20260727,22,T0DM,,,Juan Bautista Torres,R,178,ARG,24.318,276,200,J0AW,5,,Guido Ivan Justo,R,178,ARG,28.608,223,253,6-3 6-3,3,R16,90,0,3,56,33,21,11,9,7,10,0,3,50,27,11,8,9,1,7
2026-6795,Liberec,Clay,32,C,O,20260727,23,GB93,,,Norbert Gombos,R,193,SVK,35.953,423,111,R0BT,6,,Franco Roncadelli,L,185,URU,26.47,225,250,7-5 7-5,3,R16,132,1,3,74,42,34,17,12,4,5,1,1,74,46,26,19,12,3,6
2026-6795,Liberec,Clay,32,C,O,20260727,24,F0F4,,,Kilian Feldbausch,R,191,SUI,20.884,242,229,A0CJ,,,Duje Ajdukovic,R,188,CRO,25.47,307,176,6-3 6-3,3,R16,81,1,4,55,30,21,15,9,3,4,2,2,61,37,20,12,9,6,10
2026-6795,Liberec,Clay,32,C,O,20260727,25,B0GR,2,,Gonzalo Bueno,R,173,PER,22.313,160,353,T0DM,,,Juan Bautista Torres,R,178,ARG,24.318,276,200,5-2 RET,3,QF,38,0,0,24,19,13,3,4,2,3,0,2,17,11,4,0,3,0,2
2026-6795,Liberec,Clay,32,C,O,20260727,26,N897,7,,Sumit Nagal,R,178,IND,28.945,246,223,K0FY,,,Martin Krumich,R,188,CZE,23.584,261,212,6-3 6-2,3,QF,113,0,1,60,48,26,6,8,8,11,2,4,65,28,16,10,9,10,17
2026-6795,Liberec,Clay,32,C,O,20260727,27,K0JH,,,Jan Kumstat,R,196,CZE,19.565,508,86,SN54,8,,Frederico Ferreira Silva,L,178,POR,31.359,235,240,6-4 7-5,3,QF,106,9,5,65,38,31,15,11,4,4,2,4,62,34,24,16,11,5,7
2026-6795,Liberec,Clay,32,C,O,20260727,28,GB93,,,Norbert Gombos,R,193,SVK,35.953,423,111,F0F4,,,Kilian Feldbausch,R,191,SUI,20.884,242,229,4-6 6-1 6-1,3,QF,109,2,2,76,43,28,20,12,6,8,2,4,71,52,30,7,12,4,10
2026-7774,Vancouver,Hard,32,C,O,20260727,1,L0GH,8,,Mark Lajal,R,191,EST,23.209,189,303,Z09K,,,Evan Zhu,R,185,USA,27.948,607,62,6-3 6-2,3,R32,78,4,7,52,23,17,19,9,3,4,0,0,54,31,17,12,8,5,9
2026-7774,Vancouver,Hard,32,C,O,20260727,2,W09G,,,J.J. Wolf,R,183,USA,27.598,563,70,Z371,9,,Zhizhen Zhang,R,193,CHN,29.777,156,365,7-6(3) 3-6 6-4,3,R32,123,14,1,85,49,39,20,15,3,5,12,8,93,41,33,26,16,0,2
2026-7774,Vancouver,Hard,32,C,O,20260727,3,H0JL,,,Jay Friend,R,185,JPN,22.595,376,130,BI23,,,Liam Broady,L,183,GBR,32.559,202,282,7-5 5-7 6-4,3,R32,145,3,6,108,65,48,21,17,11,14,6,12,121,64,47,25,17,9,13
2026-7774,Vancouver,Hard,32,C,O,20260727,4,M0SC,,,Hayato Matsuoka,R,180,JPN,21.528,328,159,WB08,,,Yosuke Watanuki,R,180,JPN,28.29,316,167,6-4 6-2,3,R32,82,2,4,53,32,24,9,9,1,3,6,4,61,35,23,8,9,5,10
2026-7774,Vancouver,Hard,32,C,O,20260727,5,M0RG,,,Daniel Milavsky,R,193,USA,24.871,325,161,Z0CQ,,,Yi Zhou,R,193,CHN,21.369,239,234,3-6 6-1 6-3,3,R32,100,5,1,64,42,32,11,12,1,3,6,6,83,43,30,17,13,6,11
2026-7774,Vancouver,Hard,32,C,O,20260727,6,S0S5,,,Braden Shick,R,183,USA,22.757,234,240,H09N,,,August Holmgren,R,188,DEN,28.263,227,247,6-7(5) 6-3 6-3,3,R32,132,3,7,92,44,35,32,15,1,1,9,8,96,54,39,22,15,7,10
2026-7774,Vancouver,Hard,32,C,O,20260727,7,Z0AK,,,Tyler Zink,R,185,USA,25.487,343,151,T0BW,,,James Trotter,R,183,JPN,26.995,442,104,3-6 6-1 6-3,3,R32,109,7,1,67,40,30,16,12,0,1,6,5,89,43,30,22,13,9,13
2026-7774,Vancouver,Hard,32,C,O,20260727,8,BM95,1,,Benjamin Bonzi,R,183,FRA,30.13,101,633,B0I5,,,Blaise Bicknell,R,191,JAM,24.665,344,150,3-6 6-3 6-4,3,R32,100,11,3,83,45,38,19,14,1,2,1,4,78,51,36,18,14,3,5
2026-7774,Vancouver,Hard,32,C,O,20260727,9,AG08,,,Andy Andrade,R,180,ECU,27.617,262,211,P09Z,,,Alexei Popyrin,R,196,AUS,26.976,103,630,7-5 3-6 6-1,3,R32,143,2,4,80,51,35,14,14,4,8,7,7,108,57,37,19,14,6,12
2026-7774,Vancouver,Hard,32,C,O,20260727,10,M0HU,3,,Shintaro Mochizuki,R,175,JPN,23.151,114,569,BV21,,,Charles Broom,R,178,GBR,28.257,283,192,2-6 6-2 6-4,3,R32,120,2,8,86,38,25,21,13,8,13,4,6,98,62,35,15,13,7,13
2026-7774,Vancouver,Hard,32,C,O,20260727,11,R0JI,,,Keegan Rice,R,178,CAN,20.101,831,32,L0CX,4,,Pablo Llamas Ruiz,R,188,ESP,23.786,129,489,6-4 3-6 6-4,3,R32,149,5,9,123,76,45,24,15,13,18,0,2,87,50,30,17,14,3,8
2026-7774,Vancouver,Hard,32,C,O,20260727,12,S0IA,6,,Dane Sweeny,R,170,AUS,25.451,121,518,C0OF,,,Duncan Chan,R,183,CAN,20.994,601,63,6-4 6-1,3,R32,100,0,5,65,31,21,19,8,3,4,1,6,69,30,15,17,9,6,11
2026-7774,Vancouver,Hard,32,C,O,20260727,13,S0TM,7,,Toby Samuel,R,191,GBR,23.888,112,576,P0HT,,,Jack Pinnington Jones,R,180,GBR,23.326,172,334,7-5 6-1,3,R32,88,6,4,51,31,27,12,10,1,2,0,1,57,37,22,6,9,3,7
2026-7774,Vancouver,Hard,32,C,O,20260727,14,C0BH,,,Clement Chidekh,R,180,FRA,25.12,204,280,S0TI,,,Philip Sekulic,R,191,AUS,22.891,301,180,6-2 6-2,3,R32,64,2,2,54,29,20,14,8,4,6,1,7,46,22,10,8,8,2,8
2026-7774,Vancouver,Hard,32,C,O,20260727,15,MP01,,,Michael Mmoh,R,188,USA,28.542,187,307,H09F,,,Yu Hsiou Hsu,R,178,TPE,27.318,222,253,6-3 6-4,3,R32,86,6,8,54,26,21,13,9,2,4,0,6,51,30,15,11,10,1,6
2026-7774,Vancouver,Hard,32,C,O,20260727,16,W0AH,,,Harry Wendelken,R,178,GBR,24.605,205,276,C0HT,,,Murphy Cassone,R,188,USA,23.945,285,190,6-5 RET,3,R32,49,4,3,34,20,16,6,5,2,3,8,1,43,28,17,6,6,4,6
2026-7774,Vancouver,Hard,32,C,O,20260727,17,BM95,1,,Benjamin Bonzi,R,183,FRA,30.13,101,633,MP01,,,Michael Mmoh,R,188,USA,28.542,187,307,7-5 6-4,3,R16,113,6,4,66,42,33,11,11,4,6,8,10,81,39,27,20,11,6,10
2026-7774,Vancouver,Hard,32,C,O,20260727,18,M0SC,,,Hayato Matsuoka,R,180,JPN,21.528,328,159,M0HU,3,,Shintaro Mochizuki,R,175,JPN,23.151,114,569,6-3 6-2,3,R16,88,0,7,52,31,24,8,9,1,3,1,3,68,29,18,13,8,7,12
2026-7774,Vancouver,Hard,32,C,O,20260727,19,M0RG,,,Daniel Milavsky,R,193,USA,24.871,325,161,S0IA,6,,Dane Sweeny,R,170,AUS,25.451,121,518,6-3 6-1,3,R16,57,6,5,41,25,21,9,8,1,2,3,6,47,28,16,3,8,3,8
2026-7774,Vancouver,Hard,32,C,O,20260727,20,H0JL,,,Jay Friend,R,185,JPN,22.595,376,130,S0TM,7,,Toby Samuel,R,191,GBR,23.888,112,576,6-4 7-5,3,R16,66,0,3,68,48,35,12,11,5,6,5,6,59,34,25,11,11,4,7
2026-7774,Vancouver,Hard,32,C,O,20260727,21,L0GH,8,,Mark Lajal,R,191,EST,23.209,189,303,C0BH,,,Clement Chidekh,R,180,FRA,25.12,204,280,7-6(3) 7-5,3,R16,119,10,4,82,47,34,19,12,3,5,1,4,91,55,38,16,12,6,9
2026-7774,Vancouver,Hard,32,C,O,20260727,22,R0JI,,,Keegan Rice,R,178,CAN,20.101,831,32,W0AH,,,Harry Wendelken,R,178,GBR,24.605,205,276,6-2 2-6 7-5,3,R16,116,7,5,86,52,37,15,14,2,6,3,3,75,36,21,22,14,3,8
2026-7774,Vancouver,Hard,32,C,O,20260727,23,S0S5,,,Braden Shick,R,183,USA,22.757,234,240,AG08,,,Andy Andrade,R,180,ECU,27.617,262,211,6-2 6-3,3,R16,75,7,2,56,35,25,13,9,2,3,2,5,53,27,16,11,8,2,6
2026-7774,Vancouver,Hard,32,C,O,20260727,24,W09G,,,J.J. Wolf,R,183,USA,27.598,563,70,Z0AK,,,Tyler Zink,R,185,USA,25.487,343,151,6-3 6-3,3,R16,79,11,4,67,38,33,12,9,6,6,4,2,59,34,22,12,9,4,7
2026-7774,Vancouver,Hard,32,C,O,20260727,25,H0JL,,,Jay Friend,R,185,JPN,22.595,376,130,BM95,1,,Benjamin Bonzi,R,183,FRA,30.13,101,633,5-7 7-6(7) 7-5,3,QF,167,4,4,130,85,63,25,18,11,12,20,6,126,64,50,34,18,8,9
2026-7774,Vancouver,Hard,32,C,O,20260727,26,L0GH,8,,Mark Lajal,R,191,EST,23.209,189,303,S0S5,,,Braden Shick,R,183,USA,22.757,234,240,6-2 6-2,3,QF,64,8,2,45,30,25,7,8,0,0,3,3,52,25,13,14,8,3,7
2026-7774,Vancouver,Hard,32,C,O,20260727,27,R0JI,,,Keegan Rice,R,178,CAN,20.101,831,32,M0RG,,,Daniel Milavsky,R,193,USA,24.871,325,161,1-6 6-1 7-6(4),3,QF,108,2,5,82,50,35,14,13,4,8,9,4,69,41,27,15,13,1,5
2026-7774,Vancouver,Hard,32,C,O,20260727,28,W09G,,,J.J. Wolf,R,183,USA,27.598,563,70,M0SC,,,Hayato Matsuoka,R,180,JPN,21.528,328,159,4-6 7-5 6-3,3,QF,140,7,1,106,61,45,25,16,6,7,12,4,102,67,49,17,15,2,4
2026-7774,Vancouver,Hard,32,C,O,20260727,29,L0GH,8,,Mark Lajal,R,191,EST,23.209,189,303,R0JI,,,Keegan Rice,R,178,CAN,20.101,831,32,6-3 6-2,3,SF,79,5,5,47,23,21,10,8,1,2,0,3,62,35,15,14,9,7,12
2026-7774,Vancouver,Hard,32,C,O,20260727,30,W09G,,,J.J. Wolf,R,183,USA,27.598,563,70,H0JL,,,Jay Friend,R,185,JPN,22.595,376,130,6-3 6-4,3,SF,87,6,1,58,29,27,18,10,2,2,5,3,61,34,20,16,9,6,8
2026-9540,San Marino,Clay,32,C,O,20260727,1,MP20,5,,Alexandre Muller,R,183,FRA,29.481,132,479,N679,,,Stefano Napolitano,R,196,ITA,31.294,229,245,6-2 6-4,3,R32,74,6,2,49,26,21,16,9,1,1,2,2,58,31,20,13,9,4,7
2026-9540,San Marino,Clay,32,C,O,20260727,2,P0IY,,,Juan Carlos Prado Angelo,R,185,BOL,21.391,157,362,R0FP,,,Daniel Rincon,L,185,ESP,23.551,207,274,6-4 6-7(5) 6-3,3,R32,167,2,2,98,59,46,21,16,1,2,6,3,96,49,38,23,15,3,6
2026-9540,San Marino,Clay,32,C,O,20260727,3,D0CG,1,,Facundo Diaz Acosta,L,183,ARG,25.613,107,613,C0BB,,,Tommaso Compagnucci,R,173,ITA,26.724,358,140,6-4 6-2,3,R32,90,0,2,51,36,28,7,9,1,2,3,3,52,31,21,5,9,1,5
2026-9540,San Marino,Clay,32,C,O,20260727,4,V0AM,2,,Otto Virtanen,R,193,FIN,25.098,115,556,R0HK,,,Filippo Romano,R,188,ITA,21.054,300,180,7-5 6-4,3,R32,90,3,4,68,36,29,16,11,2,3,2,4,71,27,19,23,11,6,9
2026-9540,San Marino,Clay,32,C,O,20260727,5,G0FW,3,,Vilius Gaubas,R,178,LTU,21.574,128,500,P0AY,,,Luka Pavlovic,R,196,FRA,26.324,208,273,6-1 7-5,3,R32,69,2,1,46,27,24,15,10,0,1,3,2,54,35,22,6,9,2,6
2026-9540,San Marino,Clay,32,C,O,20260727,6,BG23,4,,Nikoloz Basilashvili,R,185,GEO,34.423,133,474,V0B2,,,Michael Vrbensky,R,,CZE,26.585,744,42,6-3 3-6 6-2,3,R32,115,15,9,85,38,34,22,13,6,7,14,3,82,39,34,19,13,3,6
2026-9540,San Marino,Clay,32,C,O,20260727,7,PH64,6,,Andrea Pellegrino,R,185,ITA,29.344,137,446,C0LK,,,Carlo Alberto Caniato,R,188,ITA,20.736,389,126,6-4 6-0,3,R32,60,4,2,38,26,23,7,8,0,1,2,4,44,21,12,8,8,3,8
2026-9540,San Marino,Clay,32,C,O,20260727,8,DA31,7,,Hugo Dellien,R,180,BOL,33.112,143,428,MO44,,,Pedro Martinez,R,185,ESP,29.251,148,396,6-1 6-4,3,R32,79,3,2,48,38,24,4,9,1,4,0,1,50,36,15,3,8,4,10
2026-9540,San Marino,Clay,32,C,O,20260727,9,M0IF,8,,Francesco Maestrelli,R,196,ITA,23.598,149,391,N0CS,,,Lukas Neumayer,R,183,AUT,23.888,173,334,6-4 6-0,3,R32,76,6,2,43,24,17,16,8,2,2,0,1,49,33,17,8,8,1,5
2026-9540,San Marino,Clay,32,C,O,20260727,10,CF01,,,Marco Cecchinato,R,185,ITA,33.821,174,330,AA27,,,Franco Agamenone,R,191,ITA,33.281,265,210,6-3 6-4,3,R32,97,0,4,75,50,36,14,10,6,6,3,1,59,44,25,11,9,3,5
2026-9540,San Marino,Clay,32,C,O,20260727,11,F0A4,,,Francesco Forti,R,188,ITA,27.003,371,131,CE77,,,Federico Coria,R,180,ARG,34.382,779,38,6-4 6-2,3,R32,93,4,1,53,35,30,10,9,2,2,1,4,67,35,20,17,9,7,10
2026-9540,San Marino,Clay,32,C,O,20260727,12,MJ08,,,Thiago Monteiro,L,183,BRA,32.156,303,179,J476,,,David Jorda Sanchis,R,198,ESP,32.118,188,305,7-5 7-5,3,R32,101,4,1,68,41,34,15,12,1,2,9,0,69,37,27,17,12,4,7
2026-9540,San Marino,Clay,32,C,O,20260727,13,O660,,,Genaro Alberto Olivieri,R,175,ARG,27.978,200,285,TE16,,,Carlos Taberner,R,183,ESP,28.966,405,117,6-4 6-1,3,R32,89,2,0,52,42,29,4,8,6,7,2,4,58,34,19,9,9,6,11
2026-9540,San Marino,Clay,32,C,O,20260727,14,P0GQ,,,Mili Poljicak,R,185,CRO,22.037,352,144,DG80,,,Enrico Dalla Valle,R,196,ITA,28.35,323,162,7-6(6) 7-6(2),3,R32,128,9,4,73,51,45,11,12,0,1,4,1,85,62,48,10,12,2,3
2026-9540,San Marino,Clay,32,C,O,20260727,15,S0GR,,,Timofey Skatov,R,173,KAZ,25.511,150,381,F0HO,,,Thomas Faurel,R,178,FRA,20.512,321,162,6-1 7-6(8),3,R32,102,9,1,60,43,37,9,10,0,1,1,1,74,44,27,15,9,5,8
2026-9540,San Marino,Clay,32,C,O,20260727,16,V836,,,Juan Pablo Varillas,R,185,PER,30.806,274,203,V0J1,,,Jacopo Vasami,L,193,ITA,18.604,362,137,6-2 6-2,3,R32,66,2,0,40,24,19,13,8,0,0,3,6,53,34,22,5,8,4,8
2026-9540,San Marino,Clay,32,C,O,20260727,17,D0CG,1,,Facundo Diaz Acosta,L,183,ARG,25.613,107,613,F0A4,,,Francesco Forti,R,188,ITA,27.003,371,131,6-2 7-6(3),3,R16,132,3,3,81,59,40,13,10,10,11,3,1,81,46,27,17,10,8,11
2026-9540,San Marino,Clay,32,C,O,20260727,18,P0GQ,,,Mili Poljicak,R,185,CRO,22.037,352,144,BG23,4,,Nikoloz Basilashvili,R,185,GEO,34.423,133,474,6-7(8) 6-3 6-4,3,R16,161,10,2,97,52,33,28,15,3,6,5,10,112,48,30,31,16,10,16
2026-9540,San Marino,Clay,32,C,O,20260727,19,MP20,5,,Alexandre Muller,R,183,FRA,29.481,132,479,CF01,,,Marco Cecchinato,R,185,ITA,33.821,174,330,4-6 6-2 7-5,3,R16,130,3,5,102,54,40,27,15,8,10,3,2,90,66,45,11,15,4,8
2026-9540,San Marino,Clay,32,C,O,20260727,20,P0IY,,,Juan Carlos Prado Angelo,R,185,BOL,21.391,157,362,DA31,7,,Hugo Dellien,R,180,BOL,33.112,143,428,7-6(4) RET,3,R16,76,2,4,57,37,25,10,6,5,7,3,0,37,26,18,5,6,0,2
2026-9540,San Marino,Clay,32,C,O,20260727,21,S0GR,,,Timofey Skatov,R,173,KAZ,25.511,150,381,V0AM,2,,Otto Virtanen,R,193,FIN,25.098,115,556,6-2 6-4,3,R16,81,2,0,49,26,21,15,9,1,2,7,6,59,30,20,11,9,5,9
2026-9540,San Marino,Clay,32,C,O,20260727,22,G0FW,3,,Vilius Gaubas,R,178,LTU,21.574,128,500,O660,,,Genaro Alberto Olivieri,R,175,ARG,27.978,200,285,6-2 6-3,3,R16,87,1,0,56,42,27,10,9,4,5,1,2,57,46,22,5,8,6,10
2026-9540,San Marino,Clay,32,C,O,20260727,23,MJ08,,,Thiago Monteiro,L,183,BRA,32.156,303,179,PH64,6,,Andrea Pellegrino,R,185,ITA,29.344,137,446,6-3 6-2,3,R16,77,4,2,61,43,31,8,9,4,5,1,4,41,23,11,7,8,1,5
2026-9540,San Marino,Clay,32,C,O,20260727,24,V836,,,Juan Pablo Varillas,R,185,PER,30.806,274,203,M0IF,8,,Francesco Maestrelli,R,196,ITA,23.598,149,391,7-6(5) 4-6 6-3,3,R16,206,6,4,126,65,47,29,16,7,10,15,8,120,75,56,15,15,10,13
2026-9540,San Marino,Clay,32,C,O,20260727,25,D0CG,1,,Facundo Diaz Acosta,L,183,ARG,25.613,107,613,P0IY,,,Juan Carlos Prado Angelo,R,185,BOL,21.391,157,362,6-2 4-6 6-1,3,QF,143,3,2,80,56,36,13,13,11,14,0,1,82,43,23,20,12,6,12
2026-9540,San Marino,Clay,32,C,O,20260727,26,P0GQ,,,Mili Poljicak,R,185,CRO,22.037,352,144,MP20,5,,Alexandre Muller,R,183,FRA,29.481,132,479,7-6(3) 6-7(4) 7-5,3,QF,175,17,2,115,68,58,21,18,0,2,6,5,119,78,57,26,18,4,7
2026-9540,San Marino,Clay,32,C,O,20260727,27,V836,,,Juan Pablo Varillas,R,185,PER,30.806,274,203,S0GR,,,Timofey Skatov,R,173,KAZ,25.511,150,381,6-4 6-4,3,QF,125,6,2,71,39,25,13,10,5,9,1,3,66,39,20,11,10,3,9
2026-9540,San Marino,Clay,32,C,O,20260727,28,G0FW,3,,Vilius Gaubas,R,178,LTU,21.574,128,500,MJ08,,,Thiago Monteiro,L,183,BRA,32.156,303,179,7-6(7) 7-6(5),3,QF,149,3,1,88,56,41,18,12,4,5,6,1,78,48,36,18,12,1,2
